sat_name,slot_date,total_meters,expected_blocks,block_2400_hrs,sla_percentage
SAT 1,1/5/2025,25000,25000,24225,96.9
SAT 1,1/6/2025,25000,25000,24153,96.61
SAT 1,1/7/2025,25000,25000,24238,96.95
SAT 1,1/8/2025,25000,25000,24234,96.94
SAT 1,1/9/2025,25000,25000,24229,96.92
SAT 1,1/10/2025,25000,25000,23988,95.95
SAT 1,1/11/2025,25000,25000,24217,96.87
SAT 1,1/12/2025,25000,25000,24215,96.86
SAT 1,1/13/2025,25000,25000,24213,96.85
SAT 1,1/14/2025,25000,25000,24216,96.86
SAT 1,1/15/2025,25000,25000,24196,96.78
SAT 1,1/16/2025,25000,25000,24221,96.88
SAT 1,1/17/2025,25000,25000,24227,96.91
SAT 1,1/18/2025,25000,25000,24225,96.9
SAT 1,1/19/2025,25000,25000,24225,96.9
SAT 1,1/20/2025,25000,25000,23534,94.14
SAT 1,1/21/2025,25000,25000,24218,96.87
SAT 1,1/22/2025,25000,25000,24217,96.87
SAT 1,1/23/2025,25000,25000,24214,96.86
SAT 1,1/24/2025,25000,25000,24207,96.83
SAT 1,1/25/2025,25000,25000,24044,96.18
SAT 1,1/26/2025,25000,25000,12608,50.43
SAT 1,1/27/2025,25000,25000,24155,96.62
SAT 1,1/28/2025,25000,25000,23967,95.87
SAT 1,1/29/2025,25000,25000,24195,96.78
SAT 1,1/30/2025,25000,25000,24196,96.78
SAT 1,1/31/2025,25000,25000,24189,96.76
SAT 1,2/1/2025,25000,25000,24186,96.74
SAT 1,2/2/2025,25000,25000,24126,96.5
SAT 1,2/3/2025,25000,25000,24115,96.46
SAT 1,2/4/2025,25000,25000,23897,95.59
SAT 1,2/5/2025,25000,25000,24133,96.53
SAT 1,2/6/2025,25000,25000,24145,96.58
SAT 1,2/7/2025,25000,25000,24154,96.62
SAT 1,2/8/2025,25000,25000,24189,96.76
SAT 1,2/9/2025,25000,25000,24189,96.76
SAT 1,2/10/2025,25000,25000,24189,96.76
SAT 1,2/11/2025,25000,25000,24188,96.75
SAT 1,2/12/2025,25000,25000,24191,96.76
SAT 1,2/13/2025,25000,25000,24189,96.76
SAT 1,2/14/2025,25000,25000,24191,96.76
SAT 1,2/15/2025,25000,25000,24185,96.74
SAT 1,2/16/2025,25000,25000,24181,96.72
SAT 1,2/17/2025,25000,25000,24181,96.72
SAT 1,2/18/2025,25000,25000,24178,96.71
SAT 1,2/19/2025,25000,25000,24175,96.7
SAT 1,2/20/2025,25000,25000,24172,96.69
SAT 1,2/21/2025,25000,25000,24166,96.66
SAT 1,2/22/2025,25000,25000,24164,96.66
SAT 1,2/23/2025,25000,25000,24159,96.64
SAT 1,2/24/2025,25000,25000,24151,96.6
SAT 1,2/25/2025,25000,25000,24154,96.62
SAT 1,2/26/2025,25000,25000,24145,96.58
SAT 1,2/27/2025,25000,25000,21070,84.28
SAT 1,2/28/2025,25000,25000,24134,96.54
SAT 1,3/1/2025,25000,25000,24133,96.53
SAT 1,3/2/2025,25000,25000,24128,96.51
SAT 1,3/3/2025,25000,25000,6064,24.26
SAT 1,3/4/2025,25000,25000,24130,96.52
SAT 1,3/5/2025,25000,25000,24129,96.52
SAT 1,3/6/2025,25000,25000,16934,67.74
SAT 1,3/7/2025,25000,25000,24119,96.48
SAT 1,3/8/2025,25000,25000,24114,96.46
SAT 1,3/9/2025,25000,25000,24116,96.46
SAT 1,3/16/2025,25000,25000,0,0
SAT 1,3/17/2025,25000,25000,24093,96.37
SAT 1,3/18/2025,25000,25000,24092,96.37
SAT 1,3/19/2025,25000,25000,23767,95.07
SAT 1,3/20/2025,25000,25000,24081,96.32
SAT 1,3/21/2025,25000,25000,24094,96.38
SAT 1,3/22/2025,25000,25000,24078,96.31
SAT 1,3/23/2025,25000,25000,24048,96.19
SAT 1,3/24/2025,25000,25000,24013,96.05
SAT 1,3/25/2025,25000,25000,24012,96.05
SAT 1,3/26/2025,25000,25000,24014,96.06
SAT 1,3/27/2025,25000,25000,24040,96.16
SAT 1,3/28/2025,25000,25000,24036,96.14
SAT 1,3/29/2025,25000,25000,24039,96.16
SAT 1,3/30/2025,25000,25000,9257,37.03
SAT 1,3/31/2025,25000,25000,1312,5.25
SAT 1,4/1/2025,25000,25000,24037,96.15
SAT 1,9/1/2025,25000,25000,24285,97.14
SAT 2,9/1/2025,100000,100000,97584,97.58
SAT 4,9/1/2025,80000,80000,76603,95.75
SAT 5,9/1/2025,80000,80000,76982,96.23
SAT 3,9/1/2025,100000,100000,97198,97.2
SAT 1,9/2/2025,25000,25000,24295,97.18
SAT 2,9/2/2025,100000,100000,97604,97.6
SAT 4,9/2/2025,80000,80000,76525,95.66
SAT 5,9/2/2025,80000,80000,76829,96.04
SAT 3,9/2/2025,100000,100000,97256,97.26
SAT 1,9/3/2025,25000,25000,24277,97.11
SAT 2,9/3/2025,100000,100000,97445,97.45
SAT 4,9/3/2025,80000,80000,76210,95.26
SAT 5,9/3/2025,80000,80000,76075,95.09
SAT 3,9/3/2025,100000,100000,97001,97
SAT 1,9/4/2025,25000,25000,24283,97.13
SAT 2,9/4/2025,100000,100000,97424,97.42
SAT 4,9/4/2025,80000,80000,75723,94.65
SAT 5,9/4/2025,80000,80000,76048,95.06
SAT 3,9/4/2025,100000,100000,96741,96.74
SAT 1,9/5/2025,25000,25000,24265,97.06
SAT 2,9/5/2025,100000,100000,97392,97.39
SAT 4,9/5/2025,80000,80000,76180,95.23
SAT 5,9/5/2025,80000,80000,76279,95.35
SAT 3,9/5/2025,100000,100000,96956,96.96
SAT 1,9/6/2025,25000,25000,24265,97.06
SAT 2,9/6/2025,100000,100000,97336,97.34
SAT 4,9/6/2025,80000,80000,76231,95.29
SAT 5,9/6/2025,80000,80000,76206,95.26
SAT 3,9/6/2025,100000,100000,97044,97.04
SAT 1,9/7/2025,25000,25000,24256,97.02
SAT 2,9/7/2025,100000,100000,97415,97.42
SAT 4,9/7/2025,80000,80000,76119,95.15
SAT 5,9/7/2025,80000,80000,76572,95.72
SAT 3,9/7/2025,100000,100000,97158,97.16
SAT 1,9/8/2025,25000,25000,24244,96.98
SAT 2,9/8/2025,100000,100000,97325,97.33
SAT 4,9/8/2025,80000,80000,76337,95.42
SAT 1,5/1/2025,25000,25000,24568,98.27
SAT 2,5/1/2025,100000,100000,98976,98.98
SAT 4,5/1/2025,80000,80000,79305,99.13
SAT 1,5/2/2025,25000,25000,24573,98.29
SAT 2,5/2/2025,100000,100000,99024,99.02
SAT 4,5/2/2025,80000,80000,79341,99.18
SAT 3,5/2/2025,100000,100000,99225,99.23
SAT 1,5/3/2025,25000,25000,24567,98.27
SAT 2,5/3/2025,100000,100000,98998,99
SAT 4,5/3/2025,80000,80000,79347,99.18
SAT 3,5/3/2025,100000,100000,99215,99.22
SAT 1,5/4/2025,25000,25000,24568,98.27
SAT 2,5/4/2025,100000,100000,99011,99.01
SAT 4,5/4/2025,80000,80000,79427,99.28
SAT 3,5/4/2025,100000,100000,99229,99.23
SAT 1,5/5/2025,25000,25000,24502,98.01
SAT 2,5/5/2025,100000,100000,98588,98.59
SAT 5,9/8/2025,80000,80000,76716,95.9
SAT 3,9/8/2025,100000,100000,97168,97.17
SAT 1,9/9/2025,25000,25000,24249,97
SAT 2,9/9/2025,100000,100000,97319,97.32
SAT 3,5/1/2025,100000,100000,99169,99.17
SAT 4,5/5/2025,80000,80000,78874,98.59
SAT 3,5/5/2025,100000,100000,99007,99.01
SAT 1,5/6/2025,25000,25000,24533,98.13
SAT 2,5/6/2025,100000,100000,98913,98.91
SAT 4,5/6/2025,80000,80000,79166,98.96
SAT 3,5/6/2025,100000,100000,99191,99.19
SAT 1,5/7/2025,25000,25000,24536,98.14
SAT 2,5/7/2025,100000,100000,98914,98.91
SAT 3,4/22/2025,100000,100000,98778,98.78
SAT 3,4/12/2025,100000,100000,99185,99.19
SAT 1,4/18/2025,25000,25000,24403,97.61
SAT 3,4/14/2025,100000,100000,99147,99.15
SAT 3,4/8/2025,100000,100000,99301,99.3
SAT 3,4/5/2025,100000,100000,99144,99.14
SAT 1,4/8/2025,25000,25000,24418,97.67
SAT 2,4/13/2025,100000,100000,98997,99
SAT 2,4/4/2025,100000,100000,99153,99.15
SAT 3,4/13/2025,100000,100000,99149,99.15
SAT 3,4/18/2025,100000,100000,99120,99.12
SAT 1,4/16/2025,25000,25000,24402,97.61
SAT 2,4/24/2025,100000,100000,98930,98.93
SAT 1,4/5/2025,25000,25000,24418,97.67
SAT 2,4/22/2025,100000,100000,98916,98.92
SAT 1,4/9/2025,25000,25000,24420,97.68
SAT 1,4/2/2025,25000,25000,24422,97.69
SAT 2,4/8/2025,100000,100000,99117,99.12
SAT 1,4/4/2025,25000,25000,24421,97.68
SAT 3,4/26/2025,100000,100000,98970,98.97
SAT 2,4/17/2025,100000,100000,99001,99
SAT 2,4/16/2025,100000,100000,98570,98.57
SAT 2,4/18/2025,100000,100000,98991,98.99
SAT 2,4/30/2025,100000,100000,98587,98.59
SAT 2,4/10/2025,100000,100000,99091,99.09
SAT 2,4/6/2025,100000,100000,98961,98.96
SAT 3,4/6/2025,100000,100000,98837,98.84
SAT 3,4/23/2025,100000,100000,98927,98.93
SAT 3,4/2/2025,100000,100000,99330,99.33
SAT 3,4/30/2025,100000,100000,98472,98.47
SAT 3,4/11/2025,100000,100000,99227,99.23
SAT 1,4/23/2025,25000,25000,24392,97.57
SAT 2,4/5/2025,100000,100000,99095,99.1
SAT 1,4/12/2025,25000,25000,24397,97.59
SAT 3,4/17/2025,100000,100000,99111,99.11
SAT 1,4/19/2025,25000,25000,24367,97.47
SAT 2,4/11/2025,100000,100000,99059,99.06
SAT 3,4/3/2025,100000,100000,97091,97.09
SAT 3,4/29/2025,100000,100000,98730,98.73
SAT 2,4/29/2025,100000,100000,98610,98.61
SAT 3,4/25/2025,100000,100000,99023,99.02
SAT 1,4/29/2025,25000,25000,24384,97.54
SAT 2,4/15/2025,100000,100000,98978,98.98
SAT 2,4/2/2025,100000,100000,99155,99.16
SAT 1,4/27/2025,25000,25000,24393,97.57
SAT 1,4/25/2025,25000,25000,24394,97.58
SAT 3,4/16/2025,100000,100000,98463,98.46
SAT 2,4/20/2025,100000,100000,98636,98.64
SAT 2,4/26/2025,100000,100000,98904,98.9
SAT 4,9/9/2025,80000,80000,76381,95.48
SAT 1,12/13/2025,25000,25000,24109,96.44
SAT 4,5/7/2025,80000,80000,79155,98.94
SAT 3,5/7/2025,100000,100000,99153,99.15
SAT 1,5/8/2025,25000,25000,24536,98.14
SAT 2,5/8/2025,100000,100000,98910,98.91
SAT 4,5/8/2025,80000,80000,79144,98.93
SAT 3,5/8/2025,100000,100000,99155,99.16
SAT 1,5/9/2025,25000,25000,24532,98.13
SAT 2,5/9/2025,100000,100000,98913,98.91
SAT 4,5/9/2025,80000,80000,79151,98.94
SAT 3,5/9/2025,100000,100000,99160,99.16
SAT 2,4/7/2025,100000,100000,99073,99.07
SAT 3,4/9/2025,100000,100000,99319,99.32
SAT 2,4/19/2025,100000,100000,98644,98.64
SAT 3,4/10/2025,100000,100000,99267,99.27
SAT 1,4/14/2025,25000,25000,24401,97.6
SAT 2,4/3/2025,100000,100000,98765,98.77
SAT 1,4/15/2025,25000,25000,24402,97.61
SAT 1,4/6/2025,25000,25000,24419,97.68
SAT 2,4/25/2025,100000,100000,98939,98.94
SAT 1,4/17/2025,25000,25000,24401,97.6
SAT 2,4/14/2025,100000,100000,98915,98.92
SAT 3,4/20/2025,100000,100000,98997,99
SAT 1,4/21/2025,25000,25000,24367,97.47
SAT 2,4/9/2025,100000,100000,99097,99.1
SAT 1,4/24/2025,25000,25000,24389,97.56
SAT 3,4/28/2025,100000,100000,98514,98.51
SAT 1,4/30/2025,25000,25000,24370,97.48
SAT 3,4/19/2025,100000,100000,99048,99.05
SAT 2,4/28/2025,100000,100000,98684,98.68
SAT 1,4/20/2025,25000,25000,24364,97.46
SAT 2,4/21/2025,100000,100000,98949,98.95
SAT 3,4/7/2025,100000,100000,99194,99.19
SAT 2,4/12/2025,100000,100000,99028,99.03
SAT 1,4/28/2025,25000,25000,24384,97.54
SAT 5,9/9/2025,80000,80000,76756,95.95
SAT 2,4/27/2025,100000,100000,98647,98.65
SAT 1,4/13/2025,25000,25000,24408,97.63
SAT 3,4/4/2025,100000,100000,99318,99.32
SAT 1,4/3/2025,25000,25000,24424,97.7
SAT 1,4/11/2025,25000,25000,24410,97.64
SAT 1,4/26/2025,25000,25000,24390,97.56
SAT 1,4/22/2025,25000,25000,24369,97.48
SAT 1,4/10/2025,25000,25000,24420,97.68
SAT 2,4/23/2025,100000,100000,98927,98.93
SAT 3,4/15/2025,100000,100000,99020,99.02
SAT 3,4/21/2025,100000,100000,99029,99.03
SAT 1,4/7/2025,25000,25000,24419,97.68
SAT 3,4/24/2025,100000,100000,98992,98.99
SAT 3,4/27/2025,100000,100000,98784,98.78
SAT 3,9/9/2025,100000,100000,96947,96.95
SAT 1,9/10/2025,25000,25000,24248,96.99
SAT 2,9/10/2025,100000,100000,97353,97.35
SAT 4,9/10/2025,80000,80000,76317,95.4
SAT 5,9/10/2025,80000,80000,76717,95.9
SAT 3,9/10/2025,100000,100000,97005,97.01
SAT 1,9/11/2025,25000,25000,24256,97.02
SAT 2,9/11/2025,100000,100000,97345,97.35
SAT 4,9/11/2025,80000,80000,76351,95.44
SAT 5,9/11/2025,80000,80000,76658,95.82
SAT 3,9/11/2025,100000,100000,97094,97.09
SAT 3,4/1/2025,100000,100000,99387,99.39
SAT 2,4/1/2025,100000,100000,99072,99.07
SAT 1,9/12/2025,25000,25000,24228,96.91
SAT 2,9/12/2025,100000,100000,97352,97.35
SAT 4,9/12/2025,80000,80000,76428,95.54
SAT 5,9/12/2025,80000,80000,76586,95.73
SAT 3,9/12/2025,100000,100000,97108,97.11
SAT 1,9/13/2025,25000,25000,24251,97
SAT 2,9/13/2025,100000,100000,97353,97.35
SAT 4,9/13/2025,80000,80000,76218,95.27
SAT 5,9/13/2025,80000,80000,76268,95.34
SAT 3,9/13/2025,100000,100000,96967,96.97
SAT 1,9/14/2025,25000,25000,24250,97
SAT 2,9/14/2025,100000,100000,97429,97.43
SAT 4,9/14/2025,80000,80000,76392,95.49
SAT 5,9/14/2025,80000,80000,76263,95.33
SAT 3,9/14/2025,100000,100000,97080,97.08
SAT 1,9/15/2025,25000,25000,24239,96.96
SAT 2,9/15/2025,100000,100000,97411,97.41
SAT 4,9/15/2025,80000,80000,76170,95.21
SAT 5,9/15/2025,80000,80000,76330,95.41
SAT 3,9/15/2025,100000,100000,96948,96.95
SAT 1,9/16/2025,25000,25000,24246,96.98
SAT 2,9/16/2025,100000,100000,97386,97.39
SAT 4,9/16/2025,80000,80000,76087,95.11
SAT 5,9/16/2025,80000,80000,76097,95.12
SAT 3,9/16/2025,100000,100000,96919,96.92
SAT 1,9/17/2025,25000,25000,24220,96.88
SAT 2,9/17/2025,100000,100000,97330,97.33
SAT 4,9/17/2025,80000,80000,75983,94.98
SAT 5,9/17/2025,80000,80000,76071,95.09
SAT 3,9/18/2025,100000,100000,96721,96.72
SAT 1,9/19/2025,25000,25000,23598,94.39
SAT 2,9/19/2025,100000,100000,96850,96.85
SAT 4,9/19/2025,80000,80000,75475,94.34
SAT 5,9/19/2025,80000,80000,75987,94.98
SAT 3,9/19/2025,100000,100000,96338,96.34
SAT 1,9/20/2025,25000,25000,23222,92.89
SAT 2,9/20/2025,100000,100000,96735,96.74
SAT 4,9/20/2025,80000,80000,74909,93.64
SAT 5,9/20/2025,80000,80000,75662,94.58
SAT 3,9/20/2025,100000,100000,96283,96.28
SAT 1,9/21/2025,25000,25000,23728,94.91
SAT 2,9/21/2025,100000,100000,96624,96.62
SAT 4,9/21/2025,80000,80000,75934,94.92
SAT 5,9/21/2025,80000,80000,76179,95.22
SAT 3,9/21/2025,100000,100000,96233,96.23
SAT 1,9/22/2025,25000,25000,23564,94.26
SAT 2,9/22/2025,100000,100000,96718,96.72
SAT 4,9/22/2025,80000,80000,75559,94.45
SAT 5,9/22/2025,80000,80000,75964,94.96
SAT 3,9/22/2025,100000,100000,96374,96.37
SAT 1,9/23/2025,25000,25000,22260,89.04
SAT 2,9/23/2025,100000,100000,96558,96.56
SAT 4,9/23/2025,80000,80000,73402,91.75
SAT 5,9/23/2025,80000,80000,74725,93.41
SAT 3,9/23/2025,100000,100000,95729,95.73
SAT 1,9/24/2025,25000,25000,24229,96.92
SAT 2,9/24/2025,100000,100000,97389,97.39
SAT 4,9/24/2025,80000,80000,75853,94.82
SAT 5,9/24/2025,80000,80000,75868,94.84
SAT 3,9/24/2025,100000,100000,96818,96.82
SAT 1,9/25/2025,25000,25000,24235,96.94
SAT 2,9/25/2025,100000,100000,97308,97.31
SAT 4,9/25/2025,80000,80000,76285,95.36
SAT 5,9/25/2025,80000,80000,76359,95.45
SAT 3,9/25/2025,100000,100000,96958,96.96
SAT 1,9/26/2025,25000,25000,24236,96.94
SAT 2,9/26/2025,100000,100000,97294,97.29
SAT 4,9/26/2025,80000,80000,76410,95.51
SAT 5,9/26/2025,80000,80000,76523,95.65
SAT 3,9/26/2025,100000,100000,96950,96.95
SAT 1,9/27/2025,25000,25000,24131,96.52
SAT 2,9/27/2025,100000,100000,97162,97.16
SAT 4,9/27/2025,80000,80000,76108,95.14
SAT 5,9/27/2025,80000,80000,75850,94.81
SAT 3,9/27/2025,100000,100000,96712,96.71
SAT 1,9/28/2025,25000,25000,24203,96.81
SAT 2,9/28/2025,100000,100000,97373,97.37
SAT 4,9/28/2025,80000,80000,76435,95.54
SAT 5,9/28/2025,80000,80000,76109,95.14
SAT 3,9/28/2025,100000,100000,96901,96.9
SAT 1,9/29/2025,25000,25000,24211,96.84
SAT 2,9/29/2025,100000,100000,97389,97.39
SAT 4,9/29/2025,80000,80000,76479,95.6
SAT 2,5/11/2025,100000,100000,98883,98.88
SAT 3,5/11/2025,100000,100000,99160,99.16
SAT 1,5/12/2025,25000,25000,24535,98.14
SAT 2,5/12/2025,100000,100000,98915,98.92
SAT 5,9/29/2025,80000,80000,76341,95.43
SAT 3,9/29/2025,100000,100000,97006,97.01
SAT 1,5/10/2025,25000,25000,24533,98.13
SAT 2,5/10/2025,100000,100000,98893,98.89
SAT 4,5/10/2025,80000,80000,79140,98.93
SAT 3,5/10/2025,100000,100000,99157,99.16
SAT 1,5/11/2025,25000,25000,24537,98.15
SAT 4,5/11/2025,80000,80000,79148,98.94
SAT 4,5/12/2025,80000,80000,79079,98.85
SAT 3,5/12/2025,100000,100000,99172,99.17
SAT 1,5/13/2025,25000,25000,24534,98.14
SAT 2,5/13/2025,100000,100000,98899,98.9
SAT 4,5/13/2025,80000,80000,79222,99.03
SAT 3,5/13/2025,100000,100000,99083,99.08
SAT 1,5/14/2025,25000,25000,24541,98.16
SAT 2,5/14/2025,100000,100000,98887,98.89
SAT 4,5/14/2025,80000,80000,79279,99.1
SAT 3,5/14/2025,100000,100000,99121,99.12
SAT 1,5/15/2025,25000,25000,24536,98.14
SAT 2,5/15/2025,100000,100000,98852,98.85
SAT 4,5/15/2025,80000,80000,79243,99.05
SAT 3,5/15/2025,100000,100000,99108,99.11
SAT 1,5/16/2025,25000,25000,24531,98.12
SAT 2,5/16/2025,100000,100000,98802,98.8
SAT 4,5/16/2025,80000,80000,79224,99.03
SAT 3,5/16/2025,100000,100000,99088,99.09
SAT 1,5/17/2025,25000,25000,24527,98.11
SAT 2,5/17/2025,100000,100000,98838,98.84
SAT 4,5/17/2025,80000,80000,79246,99.06
SAT 3,5/17/2025,100000,100000,99095,99.1
SAT 1,5/18/2025,25000,25000,24527,98.11
SAT 2,5/18/2025,100000,100000,98858,98.86
SAT 4,5/18/2025,80000,80000,79267,99.08
SAT 3,5/18/2025,100000,100000,99094,99.09
SAT 1,5/19/2025,25000,25000,24530,98.12
SAT 2,5/19/2025,100000,100000,98882,98.88
SAT 4,5/19/2025,80000,80000,79226,99.03
SAT 3,5/19/2025,100000,100000,99052,99.05
SAT 1,5/20/2025,25000,25000,24525,98.1
SAT 2,5/20/2025,100000,100000,98843,98.84
SAT 4,5/20/2025,80000,80000,79120,98.9
SAT 3,5/20/2025,100000,100000,99013,99.01
SAT 1,5/21/2025,25000,25000,24519,98.08
SAT 2,5/21/2025,100000,100000,98800,98.8
SAT 4,5/21/2025,80000,80000,79120,98.9
SAT 3,5/21/2025,100000,100000,98938,98.94
SAT 1,5/22/2025,25000,25000,24522,98.09
SAT 2,5/22/2025,100000,100000,98766,98.77
SAT 4,5/22/2025,80000,80000,79081,98.85
SAT 3,5/22/2025,100000,100000,99006,99.01
SAT 1,5/23/2025,25000,25000,24523,98.09
SAT 2,5/23/2025,100000,100000,98752,98.75
SAT 4,5/23/2025,80000,80000,79059,98.82
SAT 3,5/23/2025,100000,100000,98934,98.93
SAT 1,5/24/2025,25000,25000,24527,98.11
SAT 2,5/24/2025,100000,100000,98726,98.73
SAT 4,5/24/2025,80000,80000,78950,98.69
SAT 3,5/24/2025,100000,100000,98958,98.96
SAT 1,5/25/2025,25000,25000,24526,98.1
SAT 2,5/25/2025,100000,100000,98756,98.76
SAT 4,5/25/2025,80000,80000,78950,98.69
SAT 3,5/25/2025,100000,100000,98972,98.97
SAT 1,5/26/2025,25000,25000,24514,98.06
SAT 2,5/26/2025,100000,100000,98725,98.73
SAT 4,5/26/2025,80000,80000,78864,98.58
SAT 3,5/26/2025,100000,100000,98937,98.94
SAT 1,5/27/2025,25000,25000,24506,98.02
SAT 2,5/27/2025,100000,100000,98720,98.72
SAT 4,5/27/2025,80000,80000,78823,98.53
SAT 4,5/31/2025,80000,80000,78653,98.32
SAT 3,5/27/2025,100000,100000,98912,98.91
SAT 1,5/28/2025,25000,25000,24503,98.01
SAT 2,5/28/2025,100000,100000,98702,98.7
SAT 4,5/28/2025,80000,80000,78859,98.57
SAT 3,5/28/2025,100000,100000,98903,98.9
SAT 1,5/29/2025,25000,25000,24495,97.98
SAT 2,5/29/2025,100000,100000,98630,98.63
SAT 4,5/29/2025,80000,80000,78713,98.39
SAT 3,5/29/2025,100000,100000,98785,98.79
SAT 1,5/30/2025,25000,25000,24494,97.98
SAT 2,5/30/2025,100000,100000,98614,98.61
SAT 4,5/30/2025,80000,80000,78685,98.36
SAT 3,5/30/2025,100000,100000,98859,98.86
SAT 1,5/31/2025,25000,25000,24488,97.95
SAT 2,5/31/2025,100000,100000,98595,98.6
SAT 3,5/31/2025,100000,100000,98831,98.83
SAT 1,9/30/2025,25000,25000,24210,96.84
SAT 2,9/30/2025,100000,100000,97383,97.38
SAT 4,9/30/2025,80000,80000,76347,95.43
SAT 5,9/30/2025,80000,80000,76277,95.35
SAT 1,12/16/2025,25000,25000,24018,96.07
SAT 2,12/16/2025,100000,100000,96790,96.79
SAT 4,12/16/2025,80000,80000,76474,95.59
SAT 5,12/16/2025,80000,80000,76548,95.69
SAT 3,12/16/2025,100000,100000,96683,96.68
SAT 6,12/16/2025,120000,120000,118490,98.74
SAT 1,12/19/2025,25000,25000,24092,96.37
SAT 2,12/19/2025,100000,100000,96870,96.87
SAT 4,12/19/2025,80000,80000,77028,96.29
SAT 1,10/10/2025,25000,25000,24230,96.92
SAT 1,10/9/2025,25000,25000,24226,96.9
SAT 2,10/9/2025,100000,100000,97334,97.33
SAT 4,10/9/2025,80000,80000,76406,95.51
SAT 5,10/9/2025,80000,80000,76472,95.59
SAT 3,10/9/2025,100000,100000,96969,96.97
SAT 4,10/4/2025,80000,80000,76199,95.25
SAT 5,10/4/2025,80000,80000,76013,95.02
SAT 3,10/4/2025,100000,100000,96768,96.77
SAT 2,12/13/2025,100000,100000,97093,97.09
SAT 1,12/14/2025,25000,25000,24101,96.4
SAT 2,12/14/2025,100000,100000,97065,97.07
SAT 4,12/14/2025,80000,80000,77134,96.42
SAT 5,12/14/2025,80000,80000,76855,96.07
SAT 3,12/14/2025,100000,100000,97064,97.06
SAT 6,12/14/2025,120000,120000,118627,98.86
SAT 1,12/17/2025,25000,25000,24019,96.08
SAT 2,12/17/2025,100000,100000,96864,96.86
SAT 4,12/17/2025,80000,80000,77158,96.45
SAT 5,12/17/2025,80000,80000,76913,96.14
SAT 3,12/17/2025,100000,100000,97068,97.07
SAT 6,12/17/2025,120000,120000,118638,98.87
SAT 1,12/20/2025,25000,25000,24086,96.34
SAT 2,12/20/2025,100000,100000,96840,96.84
SAT 4,12/20/2025,80000,80000,77012,96.27
SAT 5,12/20/2025,80000,80000,76802,96
SAT 3,12/20/2025,100000,100000,96902,96.9
SAT 6,12/20/2025,120000,120000,118486,98.74
SAT 1,12/21/2025,25000,25000,24084,96.34
SAT 2,12/21/2025,100000,100000,96785,96.79
SAT 4,12/21/2025,80000,80000,77002,96.25
SAT 5,12/21/2025,80000,80000,76795,95.99
SAT 3,12/21/2025,100000,100000,96868,96.87
SAT 6,12/21/2025,120000,120000,118390,98.66
SAT 1,12/15/2025,25000,25000,24017,96.07
SAT 2,12/15/2025,100000,100000,96927,96.93
SAT 4,12/15/2025,80000,80000,77105,96.38
SAT 5,12/15/2025,80000,80000,76784,95.98
SAT 3,12/15/2025,100000,100000,97066,97.07
SAT 6,12/15/2025,120000,120000,118549,98.79
SAT 1,12/18/2025,25000,25000,24098,96.39
SAT 2,12/18/2025,100000,100000,96890,96.89
SAT 4,12/18/2025,80000,80000,77085,96.36
SAT 5,12/18/2025,80000,80000,76913,96.14
SAT 3,12/18/2025,100000,100000,97010,97.01
SAT 6,12/18/2025,120000,120000,118605,98.84
SAT 5,12/19/2025,80000,80000,76912,96.14
SAT 3,12/19/2025,100000,100000,96925,96.93
SAT 6,12/19/2025,120000,120000,118552,98.79
SAT 1,12/22/2025,25000,25000,24083,96.33
SAT 2,12/22/2025,100000,100000,96799,96.8
SAT 4,12/22/2025,80000,80000,76836,96.05
SAT 5,12/22/2025,80000,80000,76694,95.87
SAT 3,12/22/2025,100000,100000,96887,96.89
SAT 6,12/22/2025,120000,120000,118211,98.51
SAT 1,12/23/2025,25000,25000,24079,96.32
SAT 1,12/24/2025,25000,25000,24086,96.34
SAT 2,12/24/2025,100000,100000,96890,96.89
SAT 4,12/24/2025,80000,80000,76959,96.2
SAT 5,12/24/2025,80000,80000,76713,95.89
SAT 1,12/25/2025,25000,25000,24082,96.33
SAT 2,12/25/2025,100000,100000,96918,96.92
SAT 4,12/25/2025,80000,80000,76902,96.13
SAT 1,12/26/2025,25000,25000,24069,96.28
SAT 2,12/26/2025,100000,100000,96908,96.91
SAT 4,12/26/2025,80000,80000,76927,96.16
SAT 5,12/26/2025,80000,80000,76767,95.96
SAT 3,12/26/2025,100000,100000,96877,96.88
SAT 6,12/26/2025,120000,120000,118239,98.53
SAT 1,12/27/2025,25000,25000,24055,96.22
SAT 2,12/27/2025,100000,100000,96871,96.87
SAT 4,12/27/2025,80000,80000,76910,96.14
SAT 5,12/27/2025,80000,80000,76675,95.84
SAT 3,12/27/2025,100000,100000,96876,96.88
SAT 6,12/27/2025,120000,120000,118027,98.36
SAT 1,12/28/2025,25000,25000,24052,96.21
SAT 2,12/28/2025,100000,100000,96856,96.86
SAT 4,12/28/2025,80000,80000,76908,96.14
SAT 5,12/28/2025,80000,80000,76691,95.86
SAT 3,12/28/2025,100000,100000,96863,96.86
SAT 6,12/28/2025,120000,120000,118124,98.44
SAT 1,12/29/2025,25000,25000,24055,96.22
SAT 2,12/29/2025,100000,100000,96876,96.88
SAT 4,12/29/2025,80000,80000,76956,96.2
SAT 5,12/29/2025,80000,80000,76644,95.81
SAT 3,12/29/2025,100000,100000,96915,96.92
SAT 6,12/29/2025,120000,120000,118125,98.44
SAT 1,12/30/2025,25000,25000,24052,96.21
SAT 2,12/30/2025,100000,100000,96866,96.87
SAT 4,12/30/2025,80000,80000,77036,96.3
SAT 5,12/30/2025,80000,80000,76620,95.78
SAT 3,12/30/2025,100000,100000,96909,96.91
SAT 6,12/30/2025,120000,120000,118105,98.42
SAT 7,12/1/2025,100000,100000,93366,93.37
SAT 7,12/2/2025,100000,100000,93897,93.9
SAT 7,12/3/2025,100000,100000,94824,94.82
SAT 7,12/4/2025,100000,100000,96031,96.03
SAT 7,12/5/2025,100000,100000,98469,98.47
SAT 7,12/6/2025,100000,100000,98065,98.07
SAT 7,12/7/2025,100000,100000,99765,99.77
SAT 7,12/8/2025,100000,100000,99664,99.66
SAT 7,12/9/2025,100000,100000,99439,99.44
SAT 7,12/10/2025,100000,100000,99197,99.2
SAT 7,12/11/2025,100000,100000,99014,99.01
SAT 7,12/12/2025,100000,100000,98827,98.83
SAT 7,12/13/2025,100000,100000,98609,98.61
SAT 7,12/14/2025,100000,100000,98458,98.46
SAT 1,12/31/2025,25000,25000,24056,96.22
SAT 6,1/6/2026,120000,120000,117707,98.09
SAT 3,10/11/2025,100000,100000,97149,97.15
SAT 4,12/13/2025,80000,80000,77175,96.47
SAT 5,12/13/2025,80000,80000,76862,96.08
SAT 3,12/13/2025,100000,100000,97091,97.09
SAT 6,12/13/2025,120000,120000,118530,98.78
SAT 2,12/23/2025,100000,100000,96792,96.79
SAT 4,12/23/2025,80000,80000,77033,96.29
SAT 5,12/23/2025,80000,80000,76833,96.04
SAT 3,12/23/2025,100000,100000,96929,96.93
SAT 6,12/23/2025,120000,120000,118395,98.66
SAT 1,11/2/2025,25000,25000,23852,95.41
SAT 2,11/2/2025,100000,100000,97060,97.06
SAT 4,11/2/2025,80000,80000,76489,95.61
SAT 5,11/2/2025,80000,80000,76402,95.5
SAT 3,11/2/2025,100000,100000,96990,96.99
SAT 1,11/3/2025,25000,25000,24176,96.7
SAT 2,11/3/2025,100000,100000,97274,97.27
SAT 4,11/3/2025,80000,80000,77175,96.47
SAT 5,11/3/2025,80000,80000,76732,95.92
SAT 3,11/3/2025,100000,100000,97368,97.37
SAT 1,11/4/2025,25000,25000,24176,96.7
SAT 2,11/4/2025,100000,100000,97225,97.23
SAT 4,11/4/2025,80000,80000,76846,96.06
SAT 5,11/4/2025,80000,80000,76593,95.74
SAT 3,11/4/2025,100000,100000,97337,97.34
SAT 1,11/5/2025,25000,25000,24175,96.7
SAT 2,11/5/2025,100000,100000,97334,97.33
SAT 4,11/5/2025,80000,80000,77204,96.51
SAT 5,11/5/2025,80000,80000,76992,96.24
SAT 3,11/5/2025,100000,100000,97399,97.4
SAT 1,11/6/2025,25000,25000,24176,96.7
SAT 2,11/6/2025,100000,100000,97324,97.32
SAT 4,11/6/2025,80000,80000,77156,96.45
SAT 5,11/6/2025,80000,80000,76908,96.14
SAT 3,11/6/2025,100000,100000,97367,97.37
SAT 1,11/7/2025,25000,25000,24182,96.73
SAT 2,11/7/2025,100000,100000,97324,97.32
SAT 4,11/7/2025,80000,80000,77183,96.48
SAT 5,11/7/2025,80000,80000,76967,96.21
SAT 3,11/7/2025,100000,100000,97453,97.45
SAT 1,11/8/2025,25000,25000,24181,96.72
SAT 2,11/8/2025,100000,100000,97325,97.33
SAT 4,11/8/2025,80000,80000,77261,96.58
SAT 5,11/8/2025,80000,80000,77113,96.39
SAT 3,11/8/2025,100000,100000,97453,97.45
SAT 1,11/9/2025,25000,25000,24173,96.69
SAT 2,11/9/2025,100000,100000,97307,97.31
SAT 4,11/9/2025,80000,80000,77202,96.5
SAT 5,11/9/2025,80000,80000,77098,96.37
SAT 3,11/9/2025,100000,100000,97363,97.36
SAT 1,11/10/2025,25000,25000,24182,96.73
SAT 2,11/10/2025,100000,100000,97312,97.31
SAT 4,11/10/2025,80000,80000,77281,96.6
SAT 5,11/10/2025,80000,80000,77101,96.38
SAT 3,11/10/2025,100000,100000,97359,97.36
SAT 1,11/11/2025,25000,25000,24182,96.73
SAT 1,7/1/2025,25000,25000,24418,97.67
SAT 2,7/1/2025,100000,100000,97977,97.98
SAT 4,7/1/2025,80000,80000,76576,95.72
SAT 5,7/1/2025,80000,80000,78027,97.53
SAT 3,7/1/2025,100000,100000,97960,97.96
SAT 1,7/2/2025,25000,25000,24414,97.66
SAT 2,7/2/2025,100000,100000,98073,98.07
SAT 4,7/2/2025,80000,80000,76734,95.92
SAT 5,7/2/2025,80000,80000,77813,97.27
SAT 3,7/2/2025,100000,100000,97776,97.78
SAT 1,7/3/2025,25000,25000,24018,96.07
SAT 2,7/3/2025,100000,100000,97700,97.7
SAT 4,7/3/2025,80000,80000,76528,95.66
SAT 5,7/3/2025,80000,80000,77792,97.24
SAT 3,7/3/2025,100000,100000,97237,97.24
SAT 1,7/4/2025,25000,25000,24227,96.91
SAT 2,7/4/2025,100000,100000,97921,97.92
SAT 4,7/4/2025,80000,80000,76310,95.39
SAT 5,7/4/2025,80000,80000,77412,96.77
SAT 3,7/4/2025,100000,100000,97593,97.59
SAT 1,7/5/2025,25000,25000,24401,97.6
SAT 2,7/5/2025,100000,100000,97937,97.94
SAT 4,7/5/2025,80000,80000,76056,95.07
SAT 5,7/5/2025,80000,80000,70519,88.15
SAT 3,7/5/2025,100000,100000,97641,97.64
SAT 1,7/6/2025,25000,25000,24380,97.52
SAT 2,7/6/2025,100000,100000,97839,97.84
SAT 4,7/6/2025,80000,80000,75975,94.97
SAT 5,7/6/2025,80000,80000,69708,87.14
SAT 2,11/11/2025,100000,100000,97319,97.32
SAT 4,11/11/2025,80000,80000,77234,96.54
SAT 5,11/11/2025,80000,80000,77068,96.34
SAT 3,11/11/2025,100000,100000,97357,97.36
SAT 1,11/12/2025,25000,25000,24182,96.73
SAT 1,11/13/2025,25000,25000,24179,96.72
SAT 2,11/13/2025,100000,100000,97308,97.31
SAT 4,11/13/2025,80000,80000,77196,96.5
SAT 5,11/13/2025,80000,80000,76978,96.22
SAT 3,11/13/2025,100000,100000,97368,97.37
SAT 1,11/14/2025,25000,25000,24177,96.71
SAT 2,11/14/2025,100000,100000,97298,97.3
SAT 4,11/14/2025,80000,80000,77338,96.67
SAT 5,11/14/2025,80000,80000,76872,96.09
SAT 3,11/14/2025,100000,100000,97363,97.36
SAT 3,12/24/2025,100000,100000,96988,96.99
SAT 6,12/24/2025,120000,120000,118271,98.56
SAT 5,12/25/2025,80000,80000,76771,95.96
SAT 3,12/25/2025,100000,100000,96902,96.9
SAT 6,12/25/2025,120000,120000,118312,98.59
SAT 7,12/15/2025,100000,100000,98148,98.15
SAT 1,11/15/2025,25000,25000,24178,96.71
SAT 2,11/15/2025,100000,100000,97309,97.31
SAT 4,11/15/2025,80000,80000,77250,96.56
SAT 5,11/15/2025,80000,80000,76914,96.14
SAT 1,11/1/2025,25000,25000,24184,96.74
SAT 1,10/8/2025,25000,25000,24222,96.89
SAT 2,10/8/2025,100000,100000,97303,97.3
SAT 4,10/8/2025,80000,80000,76391,95.49
SAT 5,10/8/2025,80000,80000,76407,95.51
SAT 3,10/8/2025,100000,100000,96987,96.99
SAT 7,12/16/2025,100000,100000,98035,98.04
SAT 3,7/6/2025,100000,100000,97460,97.46
SAT 1,7/7/2025,25000,25000,24381,97.52
SAT 2,7/7/2025,100000,100000,97762,97.76
SAT 4,7/7/2025,80000,80000,75811,94.76
SAT 5,7/7/2025,80000,80000,69462,86.83
SAT 3,7/7/2025,100000,100000,97419,97.42
SAT 1,7/8/2025,25000,25000,24370,97.48
SAT 2,7/8/2025,100000,100000,97774,97.77
SAT 4,7/8/2025,80000,80000,75918,94.9
SAT 5,7/8/2025,80000,80000,69599,87
SAT 3,7/8/2025,100000,100000,97448,97.45
SAT 1,7/9/2025,25000,25000,24383,97.53
SAT 2,7/9/2025,100000,100000,97880,97.88
SAT 4,7/9/2025,80000,80000,75934,94.92
SAT 5,7/9/2025,80000,80000,69862,87.33
SAT 3,7/9/2025,100000,100000,97401,97.4
SAT 1,7/10/2025,25000,25000,24387,97.55
SAT 2,7/10/2025,100000,100000,97856,97.86
SAT 4,7/10/2025,80000,80000,76514,95.64
SAT 5,7/10/2025,80000,80000,77714,97.14
SAT 3,7/10/2025,100000,100000,97589,97.59
SAT 1,7/11/2025,25000,25000,24376,97.5
SAT 2,7/11/2025,100000,100000,97835,97.84
SAT 4,7/11/2025,80000,80000,76434,95.54
SAT 5,7/11/2025,80000,80000,77557,96.95
SAT 3,7/11/2025,100000,100000,97400,97.4
SAT 1,7/12/2025,25000,25000,24380,97.52
SAT 2,7/12/2025,100000,100000,97722,97.72
SAT 4,7/12/2025,80000,80000,76570,95.71
SAT 5,7/12/2025,80000,80000,77667,97.08
SAT 3,7/12/2025,100000,100000,97413,97.41
SAT 1,7/13/2025,25000,25000,24374,97.5
SAT 2,7/13/2025,100000,100000,97774,97.77
SAT 4,7/13/2025,80000,80000,76679,95.85
SAT 5,7/13/2025,80000,80000,77756,97.2
SAT 3,7/13/2025,100000,100000,97669,97.67
SAT 1,7/14/2025,25000,25000,24381,97.52
SAT 2,7/14/2025,100000,100000,97794,97.79
SAT 4,7/14/2025,80000,80000,76602,95.75
SAT 5,7/14/2025,80000,80000,77780,97.23
SAT 3,7/14/2025,100000,100000,97704,97.7
SAT 1,7/15/2025,25000,25000,24394,97.58
SAT 2,7/15/2025,100000,100000,97854,97.85
SAT 4,7/15/2025,80000,80000,76751,95.94
SAT 5,7/15/2025,80000,80000,77628,97.04
SAT 3,7/15/2025,100000,100000,97634,97.63
SAT 1,7/16/2025,25000,25000,24368,97.47
SAT 2,7/16/2025,100000,100000,97770,97.77
SAT 4,7/16/2025,80000,80000,76370,95.46
SAT 5,7/16/2025,80000,80000,77074,96.34
SAT 3,7/16/2025,100000,100000,97490,97.49
SAT 1,7/17/2025,25000,25000,22213,88.85
SAT 2,7/17/2025,100000,100000,86468,86.47
SAT 4,7/17/2025,80000,80000,70582,88.23
SAT 5,7/17/2025,80000,80000,74187,92.73
SAT 3,7/17/2025,100000,100000,88310,88.31
SAT 1,7/18/2025,25000,25000,24340,97.36
SAT 2,7/18/2025,100000,100000,97882,97.88
SAT 3,11/15/2025,100000,100000,97395,97.4
SAT 7,12/17/2025,100000,100000,98341,98.34
SAT 7,12/18/2025,100000,100000,98072,98.07
SAT 2,11/12/2025,100000,100000,97309,97.31
SAT 4,11/12/2025,80000,80000,77295,96.62
SAT 5,11/12/2025,80000,80000,77023,96.28
SAT 3,11/12/2025,100000,100000,97347,97.35
SAT 7,12/19/2025,100000,100000,97979,97.98
SAT 7,12/20/2025,100000,100000,97731,97.73
SAT 7,12/21/2025,100000,100000,97787,97.79
SAT 7,12/22/2025,100000,100000,97533,97.53
SAT 7,12/23/2025,100000,100000,97716,97.72
SAT 7,12/24/2025,100000,100000,97632,97.63
SAT 7,12/25/2025,100000,100000,97946,97.95
SAT 1,11/16/2025,25000,25000,24171,96.68
SAT 7,12/26/2025,100000,100000,97892,97.89
SAT 4,7/18/2025,80000,80000,76443,95.55
SAT 5,7/18/2025,80000,80000,77535,96.92
SAT 3,7/18/2025,100000,100000,97671,97.67
SAT 1,7/19/2025,25000,25000,24310,97.24
SAT 2,7/19/2025,100000,100000,97938,97.94
SAT 4,7/19/2025,80000,80000,77056,96.32
SAT 5,7/19/2025,80000,80000,77730,97.16
SAT 3,7/19/2025,100000,100000,97731,97.73
SAT 1,7/20/2025,25000,25000,24361,97.44
SAT 2,7/20/2025,100000,100000,97859,97.86
SAT 4,7/20/2025,80000,80000,76731,95.91
SAT 5,7/20/2025,80000,80000,77523,96.9
SAT 3,7/20/2025,100000,100000,97613,97.61
SAT 1,7/21/2025,25000,25000,24381,97.52
SAT 2,7/21/2025,100000,100000,97701,97.7
SAT 4,7/21/2025,80000,80000,76784,95.98
SAT 5,7/21/2025,80000,80000,77653,97.07
SAT 3,7/21/2025,100000,100000,97564,97.56
SAT 1,7/22/2025,25000,25000,24383,97.53
SAT 2,7/22/2025,100000,100000,97699,97.7
SAT 4,7/22/2025,80000,80000,76680,95.85
SAT 5,7/22/2025,80000,80000,77585,96.98
SAT 3,7/22/2025,100000,100000,97611,97.61
SAT 1,7/23/2025,25000,25000,24376,97.5
SAT 2,7/23/2025,100000,100000,97735,97.74
SAT 4,7/23/2025,80000,80000,76750,95.94
SAT 5,7/23/2025,80000,80000,77746,97.18
SAT 3,7/23/2025,100000,100000,97646,97.65
SAT 1,7/24/2025,25000,25000,24373,97.49
SAT 2,7/24/2025,100000,100000,97718,97.72
SAT 4,7/24/2025,80000,80000,76331,95.41
SAT 5,7/24/2025,80000,80000,76993,96.24
SAT 3,7/24/2025,100000,100000,97239,97.24
SAT 1,7/25/2025,25000,25000,24306,97.22
SAT 2,7/25/2025,100000,100000,97543,97.54
SAT 4,7/25/2025,80000,80000,76410,95.51
SAT 5,7/25/2025,80000,80000,76623,95.78
SAT 3,7/25/2025,100000,100000,97396,97.4
SAT 1,7/26/2025,25000,25000,24306,97.22
SAT 2,7/26/2025,100000,100000,97547,97.55
SAT 4,7/26/2025,80000,80000,76170,95.21
SAT 5,7/26/2025,80000,80000,76937,96.17
SAT 3,7/26/2025,100000,100000,97306,97.31
SAT 1,7/27/2025,25000,25000,24270,97.08
SAT 2,7/27/2025,100000,100000,97625,97.63
SAT 4,7/27/2025,80000,80000,76410,95.51
SAT 5,7/27/2025,80000,80000,76932,96.17
SAT 3,7/27/2025,100000,100000,97405,97.41
SAT 1,7/28/2025,25000,25000,24332,97.33
SAT 2,7/28/2025,100000,100000,97680,97.68
SAT 4,7/28/2025,80000,80000,76469,95.59
SAT 5,7/28/2025,80000,80000,77125,96.41
SAT 3,7/28/2025,100000,100000,97385,97.39
SAT 1,7/29/2025,25000,25000,24347,97.39
SAT 2,7/29/2025,100000,100000,97731,97.73
SAT 4,7/29/2025,80000,80000,76461,95.58
SAT 5,7/29/2025,80000,80000,77076,96.35
SAT 3,7/29/2025,100000,100000,97400,97.4
SAT 1,7/30/2025,25000,25000,24204,96.82
SAT 2,7/30/2025,100000,100000,97594,97.59
SAT 4,7/30/2025,80000,80000,76326,95.41
SAT 5,7/30/2025,80000,80000,77057,96.32
SAT 3,7/30/2025,100000,100000,97336,97.34
SAT 1,7/31/2025,25000,25000,24336,97.34
SAT 2,7/31/2025,100000,100000,97617,97.62
SAT 4,7/31/2025,80000,80000,76537,95.67
SAT 5,7/31/2025,80000,80000,77196,96.5
SAT 2,11/16/2025,100000,100000,97293,97.29
SAT 4,11/16/2025,80000,80000,77164,96.46
SAT 5,11/16/2025,80000,80000,76839,96.05
SAT 3,11/16/2025,100000,100000,97343,97.34
SAT 1,11/17/2025,25000,25000,24159,96.64
SAT 2,11/17/2025,100000,100000,97273,97.27
SAT 4,11/17/2025,80000,80000,77313,96.64
SAT 5,11/17/2025,80000,80000,76914,96.14
SAT 3,11/17/2025,100000,100000,97375,97.38
SAT 1,11/18/2025,25000,25000,24162,96.65
SAT 2,11/18/2025,100000,100000,97265,97.27
SAT 4,11/18/2025,80000,80000,77270,96.59
SAT 5,11/18/2025,80000,80000,76887,96.11
SAT 3,11/18/2025,100000,100000,97363,97.36
SAT 1,11/19/2025,25000,25000,24154,96.62
SAT 2,11/19/2025,100000,100000,97241,97.24
SAT 1,11/20/2025,25000,25000,24154,96.62
SAT 2,11/20/2025,100000,100000,97239,97.24
SAT 4,11/20/2025,80000,80000,77183,96.48
SAT 5,11/20/2025,80000,80000,77004,96.26
SAT 3,11/20/2025,100000,100000,97249,97.25
SAT 1,11/21/2025,25000,25000,24150,96.6
SAT 2,11/21/2025,100000,100000,97142,97.14
SAT 4,11/21/2025,80000,80000,76823,96.03
SAT 5,11/21/2025,80000,80000,76587,95.73
SAT 3,11/21/2025,100000,100000,97259,97.26
SAT 1,11/22/2025,25000,25000,24143,96.57
SAT 2,11/22/2025,100000,100000,97261,97.26
SAT 4,11/22/2025,80000,80000,77278,96.6
SAT 5,11/22/2025,80000,80000,76855,96.07
SAT 3,11/22/2025,100000,100000,97283,97.28
SAT 1,11/23/2025,25000,25000,24141,96.56
SAT 2,11/23/2025,100000,100000,97217,97.22
SAT 4,11/23/2025,80000,80000,77193,96.49
SAT 5,11/23/2025,80000,80000,76741,95.93
SAT 3,11/23/2025,100000,100000,97245,97.25
SAT 1,11/24/2025,25000,25000,24142,96.57
SAT 2,11/24/2025,100000,100000,97212,97.21
SAT 4,11/24/2025,80000,80000,77186,96.48
SAT 5,11/24/2025,80000,80000,76872,96.09
SAT 3,11/24/2025,100000,100000,97250,97.25
SAT 1,11/25/2025,25000,25000,24133,96.53
SAT 2,11/25/2025,100000,100000,97184,97.18
SAT 4,11/25/2025,80000,80000,77212,96.52
SAT 5,11/25/2025,80000,80000,76945,96.18
SAT 3,11/25/2025,100000,100000,97258,97.26
SAT 1,11/26/2025,25000,25000,24112,96.45
SAT 2,11/26/2025,100000,100000,96960,96.96
SAT 4,11/26/2025,80000,80000,76638,95.8
SAT 5,11/26/2025,80000,80000,76563,95.7
SAT 3,11/26/2025,100000,100000,96934,96.93
SAT 1,11/27/2025,25000,25000,24129,96.52
SAT 2,11/27/2025,100000,100000,97155,97.16
SAT 4,11/27/2025,80000,80000,77229,96.54
SAT 5,11/27/2025,80000,80000,76906,96.13
SAT 3,11/27/2025,100000,100000,97159,97.16
SAT 1,11/28/2025,25000,25000,24081,96.32
SAT 2,11/28/2025,100000,100000,97174,97.17
SAT 4,11/28/2025,80000,80000,77112,96.39
SAT 5,11/28/2025,80000,80000,76804,96.01
SAT 3,11/28/2025,100000,100000,97043,97.04
SAT 1,11/29/2025,25000,25000,24122,96.49
SAT 2,11/29/2025,100000,100000,97217,97.22
SAT 4,11/29/2025,80000,80000,77190,96.49
SAT 5,11/29/2025,80000,80000,76912,96.14
SAT 3,11/29/2025,100000,100000,97201,97.2
SAT 1,11/30/2025,25000,25000,4142,16.57
SAT 2,11/30/2025,100000,100000,14024,14.02
SAT 4,11/30/2025,80000,80000,21714,27.14
SAT 5,11/30/2025,80000,80000,14599,18.25
SAT 3,11/30/2025,100000,100000,6694,6.69
SAT 7,12/27/2025,100000,100000,97696,97.7
SAT 7,12/28/2025,100000,100000,97855,97.86
SAT 7,12/29/2025,100000,100000,97888,97.89
SAT 7,12/30/2025,100000,100000,97945,97.95
SAT 5,3/9/2026,80000,80000,76184,95.23
SAT 5,3/8/2026,80000,80000,76272,95.34
SAT 1,1/17/2026,25000,25000,23883,95.53
SAT 2,1/17/2026,100000,100000,95950,95.95
SAT 7,1/13/2026,100000,100000,96665,96.67
SAT 1,1/4/2026,25000,25000,24085,96.34
SAT 2,1/4/2026,100000,100000,97009,97.01
SAT 1,12/1/2025,25000,25000,24039,96.16
SAT 2,12/1/2025,100000,100000,97191,97.19
SAT 4,12/1/2025,80000,80000,76933,96.17
SAT 5,12/1/2025,80000,80000,76663,95.83
SAT 3,12/1/2025,100000,100000,97154,97.15
SAT 1,12/2/2025,25000,25000,24029,96.12
SAT 2,12/2/2025,100000,100000,97178,97.18
SAT 4,12/2/2025,80000,80000,77021,96.28
SAT 5,12/2/2025,80000,80000,76605,95.76
SAT 3,12/2/2025,100000,100000,97128,97.13
SAT 3,3/8/2026,100000,100000,96587,96.59
SAT 4,1/4/2026,80000,80000,76952,96.19
SAT 7,1/4/2026,100000,100000,97577,97.58
SAT 4,11/19/2025,80000,80000,77244,96.56
SAT 5,11/19/2025,80000,80000,76796,96
SAT 3,11/19/2025,100000,100000,97304,97.3
SAT 2,11/1/2025,100000,100000,97233,97.23
SAT 4,11/1/2025,80000,80000,76784,95.98
SAT 5,11/1/2025,80000,80000,76492,95.62
SAT 3,11/1/2025,100000,100000,97133,97.13
SAT 1,1/11/2026,25000,25000,23864,95.46
SAT 1,1/6/2026,25000,25000,24037,96.15
SAT 1,1/5/2026,25000,25000,24084,96.34
SAT 2,1/5/2026,100000,100000,96908,96.91
SAT 4,1/5/2026,80000,80000,76732,95.92
SAT 3,9/17/2025,100000,100000,96850,96.85
SAT 1,9/18/2025,25000,25000,24191,96.76
SAT 2,9/18/2025,100000,100000,97183,97.18
SAT 4,9/18/2025,80000,80000,75199,94
SAT 5,9/18/2025,80000,80000,75828,94.79
SAT 7,1/5/2026,100000,100000,97581,97.58
SAT 5,1/5/2026,80000,80000,76622,95.78
SAT 3,1/5/2026,100000,100000,97055,97.06
SAT 6,1/5/2026,120000,120000,118021,98.35
SAT 5,1/4/2026,80000,80000,76687,95.86
SAT 3,1/4/2026,100000,100000,97009,97.01
SAT 6,1/4/2026,120000,120000,117984,98.32
SAT 1,1/3/2026,25000,25000,24079,96.32
SAT 2,1/3/2026,100000,100000,96991,96.99
SAT 4,1/3/2026,80000,80000,77032,96.29
SAT 1,1/2/2026,25000,25000,23434,93.74
SAT 2,1/2/2026,100000,100000,96781,96.78
SAT 4,1/2/2026,80000,80000,76311,95.39
SAT 7,1/2/2026,100000,100000,97225,97.23
SAT 5,1/2/2026,80000,80000,76434,95.54
SAT 1,1/1/2026,25000,25000,24079,96.32
SAT 2,1/1/2026,100000,100000,96987,96.99
SAT 4,1/1/2026,80000,80000,77109,96.39
SAT 7,1/1/2026,100000,100000,97798,97.8
SAT 5,1/1/2026,80000,80000,76685,95.86
SAT 1,10/19/2025,25000,25000,24196,96.78
SAT 2,10/19/2025,100000,100000,97386,97.39
SAT 4,10/19/2025,80000,80000,76746,95.93
SAT 5,10/19/2025,80000,80000,76812,96.02
SAT 3,10/19/2025,100000,100000,97365,97.37
SAT 1,10/18/2025,25000,25000,24085,96.34
SAT 2,10/18/2025,100000,100000,97195,97.2
SAT 4,10/18/2025,80000,80000,76800,96
SAT 5,10/18/2025,80000,80000,76708,95.89
SAT 3,10/18/2025,100000,100000,97155,97.16
SAT 1,10/17/2025,25000,25000,24206,96.82
SAT 2,10/17/2025,100000,100000,97395,97.4
SAT 4,10/17/2025,80000,80000,76863,96.08
SAT 5,10/17/2025,80000,80000,76610,95.76
SAT 3,10/17/2025,100000,100000,97392,97.39
SAT 1,10/16/2025,25000,25000,24208,96.83
SAT 2,10/16/2025,100000,100000,97318,97.32
SAT 4,10/16/2025,80000,80000,76762,95.95
SAT 5,10/16/2025,80000,80000,76667,95.83
SAT 3,10/16/2025,100000,100000,97314,97.31
SAT 1,10/15/2025,25000,25000,24212,96.85
SAT 2,10/15/2025,100000,100000,97310,97.31
SAT 4,10/15/2025,80000,80000,76665,95.83
SAT 5,10/15/2025,80000,80000,76667,95.83
SAT 3,10/15/2025,100000,100000,97266,97.27
SAT 2,10/14/2025,100000,100000,97287,97.29
SAT 4,10/14/2025,80000,80000,76434,95.54
SAT 5,10/14/2025,80000,80000,76601,95.75
SAT 3,10/14/2025,100000,100000,97260,97.26
SAT 1,3/12/2026,25000,25000,23993,95.97
SAT 2,3/12/2026,100000,100000,96541,96.54
SAT 1,3/11/2026,25000,25000,24007,96.03
SAT 2,3/11/2026,100000,100000,96494,96.49
SAT 4,3/11/2026,80000,80000,76484,95.61
SAT 7,3/11/2026,100000,100000,95049,95.05
SAT 5,3/11/2026,80000,80000,76263,95.33
SAT 3,3/11/2026,100000,100000,96625,96.63
SAT 1,3/10/2026,25000,25000,24018,96.07
SAT 2,3/10/2026,100000,100000,96541,96.54
SAT 4,3/10/2026,80000,80000,76463,95.58
SAT 1,1/31/2026,25000,25000,24073,96.29
SAT 2,1/31/2026,100000,100000,96765,96.77
SAT 3,7/31/2025,100000,100000,97400,97.4
SAT 1,6/1/2025,25000,25000,24469,97.88
SAT 2,6/1/2025,100000,100000,98486,98.49
SAT 4,6/1/2025,80000,80000,76461,95.58
SAT 5,6/1/2025,80000,80000,46960,58.7
SAT 3,6/1/2025,100000,100000,98579,98.58
SAT 1,6/2/2025,25000,25000,24476,97.9
SAT 2,6/2/2025,100000,100000,98428,98.43
SAT 1,8/3/2025,25000,25000,24278,97.11
SAT 2,8/3/2025,100000,100000,97647,97.65
SAT 4,6/2/2025,80000,80000,76583,95.73
SAT 5,6/2/2025,80000,80000,60437,75.55
SAT 4,8/3/2025,80000,80000,76563,95.7
SAT 5,8/3/2025,80000,80000,76737,95.92
SAT 3,8/3/2025,100000,100000,97401,97.4
SAT 1,8/4/2025,25000,25000,24345,97.38
SAT 2,8/4/2025,100000,100000,97642,97.64
SAT 4,8/4/2025,80000,80000,76653,95.82
SAT 5,8/4/2025,80000,80000,77124,96.41
SAT 3,8/4/2025,100000,100000,97462,97.46
SAT 1,8/5/2025,25000,25000,24346,97.38
SAT 2,8/5/2025,100000,100000,97643,97.64
SAT 4,8/5/2025,80000,80000,76824,96.03
SAT 5,8/5/2025,80000,80000,77285,96.61
SAT 3,8/5/2025,100000,100000,97557,97.56
SAT 1,8/6/2025,25000,25000,24207,96.83
SAT 2,8/6/2025,100000,100000,97388,97.39
SAT 4,8/6/2025,80000,80000,76964,96.21
SAT 5,8/6/2025,80000,80000,77441,96.8
SAT 3,6/2/2025,100000,100000,98624,98.62
SAT 3,9/30/2025,100000,100000,96940,96.94
SAT 1,10/31/2025,25000,25000,23969,95.88
SAT 2,10/31/2025,100000,100000,96980,96.98
SAT 4,10/31/2025,80000,80000,76660,95.83
SAT 5,10/31/2025,80000,80000,76516,95.65
SAT 3,10/31/2025,100000,100000,96686,96.69
SAT 5,10/30/2025,80000,80000,76219,95.27
SAT 3,10/30/2025,100000,100000,96842,96.84
SAT 1,10/4/2025,25000,25000,24207,96.83
SAT 2,10/4/2025,100000,100000,97274,97.27
SAT 1,10/3/2025,25000,25000,24227,96.91
SAT 2,10/3/2025,100000,100000,97369,97.37
SAT 4,10/3/2025,80000,80000,76219,95.27
SAT 4,1/31/2026,80000,80000,77017,96.27
SAT 7,1/31/2026,100000,100000,97105,97.11
SAT 5,10/3/2025,80000,80000,76054,95.07
SAT 3,10/3/2025,100000,100000,96929,96.93
SAT 1,2/16/2026,25000,25000,24058,96.23
SAT 2,2/16/2026,100000,100000,96684,96.68
SAT 4,2/16/2026,80000,80000,76874,96.09
SAT 1,10/2/2025,25000,25000,24233,96.93
SAT 2,10/2/2025,100000,100000,97404,97.4
SAT 4,10/2/2025,80000,80000,76405,95.51
SAT 5,10/2/2025,80000,80000,76213,95.27
SAT 3,10/2/2025,100000,100000,96952,96.95
SAT 1,10/1/2025,25000,25000,24240,96.96
SAT 2,10/1/2025,100000,100000,97406,97.41
SAT 4,10/1/2025,80000,80000,76500,95.63
SAT 5,10/1/2025,80000,80000,76367,95.46
SAT 3,10/1/2025,100000,100000,97013,97.01
SAT 6,2/13/2026,120000,120000,117155,97.63
SAT 5,1/31/2026,80000,80000,76593,95.74
SAT 3,1/31/2026,100000,100000,96865,96.87
SAT 6,1/31/2026,120000,120000,117458,97.88
SAT 1,1/30/2026,25000,25000,24067,96.27
SAT 2,1/30/2026,100000,100000,96677,96.68
SAT 4,8/1/2025,80000,80000,76453,95.57
SAT 5,8/1/2025,80000,80000,77291,96.61
SAT 1,6/3/2025,25000,25000,24454,97.82
SAT 2,6/3/2025,100000,100000,98340,98.34
SAT 4,6/3/2025,80000,80000,76614,95.77
SAT 5,6/3/2025,80000,80000,69027,86.28
SAT 3,6/3/2025,100000,100000,98595,98.6
SAT 1,6/4/2025,25000,25000,24451,97.8
SAT 2,6/4/2025,100000,100000,98481,98.48
SAT 4,6/4/2025,80000,80000,78215,97.77
SAT 5,6/4/2025,80000,80000,79477,99.35
SAT 3,6/4/2025,100000,100000,98610,98.61
SAT 1,6/5/2025,25000,25000,24453,97.81
SAT 2,6/5/2025,100000,100000,98438,98.44
SAT 4,6/5/2025,80000,80000,78173,97.72
SAT 5,6/5/2025,80000,80000,79533,99.42
SAT 3,6/5/2025,100000,100000,98591,98.59
SAT 1,6/6/2025,25000,25000,24465,97.86
SAT 2,6/6/2025,100000,100000,98430,98.43
SAT 4,6/6/2025,80000,80000,78271,97.84
SAT 5,6/6/2025,80000,80000,79576,99.47
SAT 3,6/6/2025,100000,100000,98623,98.62
SAT 1,6/7/2025,25000,25000,24444,97.78
SAT 2,6/7/2025,100000,100000,98453,98.45
SAT 4,6/7/2025,80000,80000,78208,97.76
SAT 5,6/7/2025,80000,80000,79749,99.69
SAT 3,6/7/2025,100000,100000,98629,98.63
SAT 1,6/8/2025,25000,25000,24211,96.84
SAT 2,6/8/2025,100000,100000,98292,98.29
SAT 4,6/8/2025,80000,80000,77999,97.5
SAT 5,6/8/2025,80000,80000,79799,99.75
SAT 3,6/8/2025,100000,100000,98224,98.22
SAT 1,6/9/2025,25000,25000,24442,97.77
SAT 2,6/9/2025,100000,100000,98432,98.43
SAT 4,6/9/2025,80000,80000,78089,97.61
SAT 5,6/9/2025,80000,80000,79859,99.82
SAT 3,6/9/2025,100000,100000,98591,98.59
SAT 1,6/10/2025,25000,25000,24442,97.77
SAT 2,6/10/2025,100000,100000,98475,98.48
SAT 4,6/10/2025,80000,80000,78196,97.75
SAT 5,6/10/2025,80000,80000,79801,99.75
SAT 3,6/10/2025,100000,100000,98641,98.64
SAT 1,6/11/2025,25000,25000,24430,97.72
SAT 2,6/11/2025,100000,100000,98463,98.46
SAT 4,6/11/2025,80000,80000,78107,97.63
SAT 5,6/11/2025,80000,80000,79634,99.54
SAT 3,6/11/2025,100000,100000,98634,98.63
SAT 1,6/12/2025,25000,25000,24431,97.72
SAT 2,6/12/2025,100000,100000,98465,98.47
SAT 4,6/12/2025,80000,80000,78071,97.59
SAT 5,6/12/2025,80000,80000,79611,99.51
SAT 3,6/12/2025,100000,100000,98616,98.62
SAT 1,6/13/2025,25000,25000,24442,97.77
SAT 2,6/13/2025,100000,100000,98523,98.52
SAT 4,6/13/2025,80000,80000,78070,97.59
SAT 5,6/13/2025,80000,80000,79612,99.52
SAT 3,6/13/2025,100000,100000,98522,98.52
SAT 1,6/14/2025,25000,25000,24447,97.79
SAT 2,6/14/2025,100000,100000,98481,98.48
SAT 4,6/14/2025,80000,80000,77017,96.27
SAT 5,6/14/2025,80000,80000,70915,88.64
SAT 3,6/14/2025,100000,100000,98530,98.53
SAT 1,6/15/2025,25000,25000,24445,97.78
SAT 2,6/15/2025,100000,100000,98467,98.47
SAT 4,6/15/2025,80000,80000,78166,97.71
SAT 5,6/15/2025,80000,80000,79486,99.36
SAT 3,6/15/2025,100000,100000,98535,98.54
SAT 1,6/16/2025,25000,25000,24425,97.7
SAT 4,1/30/2026,80000,80000,76806,96.01
SAT 7,1/30/2026,100000,100000,89693,89.69
SAT 5,1/30/2026,80000,80000,76404,95.51
SAT 3,1/30/2026,100000,100000,96843,96.84
SAT 6,1/30/2026,120000,120000,117336,97.78
SAT 1,1/15/2026,25000,25000,23884,95.54
SAT 2,1/15/2026,100000,100000,96072,96.07
SAT 4,1/15/2026,80000,80000,76397,95.5
SAT 7,1/3/2026,100000,100000,97545,97.55
SAT 5,1/3/2026,80000,80000,76672,95.84
SAT 1,2/10/2026,25000,25000,24000,96
SAT 1,10/30/2025,25000,25000,24195,96.78
SAT 2,10/30/2025,100000,100000,97178,97.18
SAT 4,10/30/2025,80000,80000,75904,94.88
SAT 1,10/29/2025,25000,25000,24190,96.76
SAT 2,10/29/2025,100000,100000,97346,97.35
SAT 4,10/29/2025,80000,80000,76912,96.14
SAT 5,10/29/2025,80000,80000,76772,95.97
SAT 3,10/29/2025,100000,100000,97332,97.33
SAT 1,10/28/2025,25000,25000,24192,96.77
SAT 2,10/28/2025,100000,100000,97381,97.38
SAT 4,10/28/2025,80000,80000,76816,96.02
SAT 5,10/28/2025,80000,80000,76803,96
SAT 3,10/28/2025,100000,100000,97376,97.38
SAT 1,10/27/2025,25000,25000,24198,96.79
SAT 2,10/27/2025,100000,100000,97383,97.38
SAT 4,10/27/2025,80000,80000,76980,96.23
SAT 5,10/27/2025,80000,80000,76648,95.81
SAT 3,10/27/2025,100000,100000,97396,97.4
SAT 1,10/26/2025,25000,25000,24204,96.82
SAT 2,10/26/2025,100000,100000,97376,97.38
SAT 4,10/26/2025,80000,80000,76983,96.23
SAT 5,10/26/2025,80000,80000,76720,95.9
SAT 3,10/26/2025,100000,100000,97375,97.38
SAT 1,10/25/2025,25000,25000,22014,88.06
SAT 2,10/25/2025,100000,100000,96484,96.48
SAT 4,10/25/2025,80000,80000,73326,91.66
SAT 5,10/25/2025,80000,80000,74446,93.06
SAT 3,10/25/2025,100000,100000,95895,95.9
SAT 1,10/24/2025,25000,25000,7682,30.73
SAT 2,10/24/2025,100000,100000,73788,73.79
SAT 4,10/24/2025,80000,80000,61753,77.19
SAT 5,10/24/2025,80000,80000,62896,78.62
SAT 3,10/24/2025,100000,100000,71721,71.72
SAT 1,10/23/2025,25000,25000,24173,96.69
SAT 2,10/23/2025,100000,100000,95809,95.81
SAT 4,10/23/2025,80000,80000,65269,81.59
SAT 5,10/23/2025,80000,80000,69748,87.19
SAT 3,10/23/2025,100000,100000,88700,88.7
SAT 1,10/22/2025,25000,25000,24195,96.78
SAT 2,10/22/2025,100000,100000,97334,97.33
SAT 4,10/22/2025,80000,80000,76404,95.51
SAT 5,10/22/2025,80000,80000,76608,95.76
SAT 3,10/22/2025,100000,100000,97178,97.18
SAT 1,10/21/2025,25000,25000,24198,96.79
SAT 2,10/21/2025,100000,100000,97315,97.32
SAT 4,10/21/2025,80000,80000,76301,95.38
SAT 5,10/21/2025,80000,80000,76597,95.75
SAT 3,10/21/2025,100000,100000,97158,97.16
SAT 1,10/20/2025,25000,25000,2510,10.04
SAT 2,10/20/2025,100000,100000,61240,61.24
SAT 4,10/20/2025,80000,80000,38382,47.98
SAT 5,10/20/2025,80000,80000,45543,56.93
SAT 3,10/20/2025,100000,100000,45846,45.85
SAT 1,10/14/2025,25000,25000,24215,96.86
SAT 1,10/13/2025,25000,25000,24205,96.82
SAT 2,10/13/2025,100000,100000,97329,97.33
SAT 4,10/13/2025,80000,80000,76516,95.65
SAT 5,10/13/2025,80000,80000,76482,95.6
SAT 3,10/13/2025,100000,100000,97248,97.25
SAT 1,10/12/2025,25000,25000,24210,96.84
SAT 2,10/12/2025,100000,100000,97308,97.31
SAT 4,10/12/2025,80000,80000,76494,95.62
SAT 5,10/12/2025,80000,80000,76492,95.62
SAT 3,10/12/2025,100000,100000,97215,97.22
SAT 1,10/11/2025,25000,25000,24219,96.88
SAT 2,10/11/2025,100000,100000,97273,97.27
SAT 4,10/11/2025,80000,80000,75822,94.78
SAT 5,10/11/2025,80000,80000,71879,89.85
SAT 2,10/10/2025,100000,100000,97277,97.28
SAT 4,10/10/2025,80000,80000,76279,95.35
SAT 5,10/10/2025,80000,80000,76421,95.53
SAT 3,10/10/2025,100000,100000,97032,97.03
SAT 1,12/8/2025,25000,25000,24116,96.46
SAT 2,12/8/2025,100000,100000,97083,97.08
SAT 4,12/8/2025,80000,80000,77152,96.44
SAT 5,12/8/2025,80000,80000,76825,96.03
SAT 3,12/8/2025,100000,100000,97178,97.18
SAT 6,12/8/2025,120000,120000,118712,98.93
SAT 1,12/9/2025,25000,25000,24111,96.44
SAT 2,12/9/2025,100000,100000,97101,97.1
SAT 5,12/3/2025,80000,80000,76533,95.67
SAT 3,12/3/2025,100000,100000,97009,97.01
SAT 1,12/5/2025,25000,25000,24031,96.12
SAT 2,12/5/2025,100000,100000,97122,97.12
SAT 4,12/5/2025,80000,80000,77057,96.32
SAT 5,8/19/2025,80000,80000,77269,96.59
SAT 3,8/19/2025,100000,100000,97538,97.54
SAT 1,8/21/2025,25000,25000,24302,97.21
SAT 2,8/21/2025,100000,100000,97581,97.58
SAT 4,8/21/2025,80000,80000,76754,95.94
SAT 5,8/21/2025,80000,80000,77015,96.27
SAT 3,8/21/2025,100000,100000,97260,97.26
SAT 2,6/16/2025,100000,100000,98373,98.37
SAT 4,6/16/2025,80000,80000,77987,97.48
SAT 5,6/16/2025,80000,80000,79251,99.06
SAT 3,6/16/2025,100000,100000,98456,98.46
SAT 1,6/17/2025,25000,25000,24430,97.72
SAT 2,6/17/2025,100000,100000,98392,98.39
SAT 4,6/17/2025,80000,80000,77679,97.1
SAT 5,6/17/2025,80000,80000,78846,98.56
SAT 3,6/17/2025,100000,100000,98329,98.33
SAT 1,6/18/2025,25000,25000,24439,97.76
SAT 2,6/18/2025,100000,100000,98374,98.37
SAT 4,6/18/2025,80000,80000,75925,94.91
SAT 5,6/18/2025,80000,80000,68638,85.8
SAT 3,6/18/2025,100000,100000,98267,98.27
SAT 1,6/19/2025,25000,25000,24425,97.7
SAT 2,6/19/2025,100000,100000,98204,98.2
SAT 4,6/19/2025,80000,80000,76684,95.86
SAT 5,6/19/2025,80000,80000,78311,97.89
SAT 3,6/19/2025,100000,100000,98152,98.15
SAT 1,6/20/2025,25000,25000,24300,97.2
SAT 2,6/20/2025,100000,100000,98303,98.3
SAT 4,6/20/2025,80000,80000,76918,96.15
SAT 5,6/20/2025,80000,80000,78636,98.3
SAT 3,6/20/2025,100000,100000,98138,98.14
SAT 1,6/21/2025,25000,25000,24427,97.71
SAT 2,6/21/2025,100000,100000,98303,98.3
SAT 4,6/21/2025,80000,80000,77284,96.61
SAT 5,6/21/2025,80000,80000,78793,98.49
SAT 3,6/21/2025,100000,100000,98250,98.25
SAT 1,6/22/2025,25000,25000,24427,97.71
SAT 2,6/22/2025,100000,100000,98300,98.3
SAT 4,6/22/2025,80000,80000,77195,96.49
SAT 5,6/22/2025,80000,80000,78799,98.5
SAT 3,6/22/2025,100000,100000,98250,98.25
SAT 1,6/23/2025,25000,25000,24429,97.72
SAT 2,6/23/2025,100000,100000,98344,98.34
SAT 4,6/23/2025,80000,80000,77192,96.49
SAT 5,6/23/2025,80000,80000,78911,98.64
SAT 3,6/23/2025,100000,100000,98282,98.28
SAT 1,6/24/2025,25000,25000,24428,97.71
SAT 2,6/24/2025,100000,100000,98244,98.24
SAT 4,6/24/2025,80000,80000,77229,96.54
SAT 5,6/24/2025,80000,80000,78838,98.55
SAT 3,6/24/2025,100000,100000,98231,98.23
SAT 1,6/25/2025,25000,25000,24428,97.71
SAT 2,6/25/2025,100000,100000,98210,98.21
SAT 4,6/25/2025,80000,80000,76938,96.17
SAT 5,6/25/2025,80000,80000,77729,97.16
SAT 3,6/25/2025,100000,100000,98189,98.19
SAT 1,6/26/2025,25000,25000,24392,97.57
SAT 2,6/26/2025,100000,100000,97914,97.91
SAT 4,6/26/2025,80000,80000,76830,96.04
SAT 5,6/26/2025,80000,80000,78281,97.85
SAT 3,6/26/2025,100000,100000,97875,97.88
SAT 1,6/27/2025,25000,25000,24423,97.69
SAT 2,6/27/2025,100000,100000,98172,98.17
SAT 7,1/26/2026,100000,100000,89702,89.7
SAT 5,1/26/2026,80000,80000,76651,95.81
SAT 3,1/26/2026,100000,100000,96903,96.9
SAT 6,1/26/2026,120000,120000,117494,97.91
SAT 1,1/25/2026,25000,25000,23958,95.83
SAT 4,12/9/2025,80000,80000,77294,96.62
SAT 5,12/9/2025,80000,80000,76860,96.08
SAT 3,12/9/2025,100000,100000,97124,97.12
SAT 6,12/9/2025,120000,120000,118739,98.95
SAT 6,11/22/2025,120000,120000,119842,99.87
SAT 6,11/23/2025,120000,120000,119723,99.77
SAT 6,11/24/2025,120000,120000,119599,99.67
SAT 6,11/25/2025,120000,120000,119507,99.59
SAT 6,11/26/2025,120000,120000,118662,98.89
SAT 6,11/27/2025,120000,120000,119349,99.46
SAT 6,11/28/2025,120000,120000,118924,99.1
SAT 6,11/29/2025,120000,120000,119230,99.36
SAT 6,11/30/2025,120000,120000,25045,20.87
SAT 1,12/10/2025,25000,25000,24101,96.4
SAT 2,12/10/2025,100000,100000,97083,97.08
SAT 4,12/10/2025,80000,80000,77212,96.52
SAT 5,12/10/2025,80000,80000,76817,96.02
SAT 3,12/10/2025,100000,100000,97141,97.14
SAT 6,12/10/2025,120000,120000,118704,98.92
SAT 1,12/11/2025,25000,25000,24102,96.41
SAT 2,12/11/2025,100000,100000,97030,97.03
SAT 4,12/11/2025,80000,80000,77014,96.27
SAT 5,12/11/2025,80000,80000,76771,95.96
SAT 3,12/11/2025,100000,100000,97053,97.05
SAT 6,12/11/2025,120000,120000,118693,98.91
SAT 6,12/1/2025,120000,120000,118838,99.03
SAT 1,12/6/2025,25000,25000,23778,95.11
SAT 2,12/6/2025,100000,100000,95601,95.6
SAT 4,12/6/2025,80000,80000,76324,95.41
SAT 5,12/6/2025,80000,80000,75713,94.64
SAT 3,12/6/2025,100000,100000,95523,95.52
SAT 6,12/6/2025,120000,120000,117387,97.82
SAT 6,12/2/2025,120000,120000,118878,99.07
SAT 1,12/7/2025,25000,25000,24111,96.44
SAT 1,10/7/2025,25000,25000,24222,96.89
SAT 2,10/7/2025,100000,100000,97252,97.25
SAT 4,10/7/2025,80000,80000,76349,95.44
SAT 5,10/7/2025,80000,80000,76247,95.31
SAT 3,10/7/2025,100000,100000,96987,96.99
SAT 1,10/6/2025,25000,25000,24229,96.92
SAT 2,10/6/2025,100000,100000,97311,97.31
SAT 4,10/6/2025,80000,80000,76261,95.33
SAT 5,10/6/2025,80000,80000,76014,95.02
SAT 3,10/6/2025,100000,100000,96942,96.94
SAT 1,10/5/2025,25000,25000,24220,96.88
SAT 2,10/5/2025,100000,100000,97304,97.3
SAT 4,10/5/2025,80000,80000,76173,95.22
SAT 5,10/5/2025,80000,80000,75856,94.82
SAT 3,10/5/2025,100000,100000,96772,96.77
SAT 6,11/6/2025,120000,120000,119914,99.93
SAT 6,11/1/2025,120000,120000,119911,99.93
SAT 6,11/7/2025,120000,120000,119968,99.97
SAT 6,11/8/2025,120000,120000,119938,99.95
SAT 6,11/9/2025,120000,120000,119844,99.87
SAT 6,11/10/2025,120000,120000,119817,99.85
SAT 6,11/2/2025,120000,120000,118335,98.61
SAT 1,8/1/2025,25000,25000,24337,97.35
SAT 2,8/1/2025,100000,100000,97627,97.63
SAT 3,8/1/2025,100000,100000,97383,97.38
SAT 6,11/3/2025,120000,120000,119807,99.84
SAT 6,11/4/2025,120000,120000,119832,99.86
SAT 6,11/11/2025,120000,120000,119834,99.86
SAT 6,11/12/2025,120000,120000,119798,99.83
SAT 6,11/5/2025,120000,120000,119884,99.9
SAT 6,11/13/2025,120000,120000,119733,99.78
SAT 6,11/14/2025,120000,120000,119778,99.82
SAT 6,11/15/2025,120000,120000,119724,99.77
SAT 6,11/16/2025,120000,120000,119621,99.68
SAT 6,11/17/2025,120000,120000,119769,99.81
SAT 6,11/18/2025,120000,120000,119773,99.81
SAT 6,11/19/2025,120000,120000,119842,99.87
SAT 6,11/20/2025,120000,120000,119909,99.92
SAT 6,11/21/2025,120000,120000,120000,100
SAT 2,12/7/2025,100000,100000,97124,97.12
SAT 4,12/7/2025,80000,80000,77220,96.53
SAT 5,12/7/2025,80000,80000,76773,95.97
SAT 3,12/7/2025,100000,100000,97177,97.18
SAT 6,12/7/2025,120000,120000,118897,99.08
SAT 1,12/3/2025,25000,25000,23788,95.15
SAT 2,12/3/2025,100000,100000,97090,97.09
SAT 4,12/3/2025,80000,80000,76661,95.83
SAT 6,12/3/2025,120000,120000,117668,98.06
SAT 1,12/4/2025,25000,25000,22909,91.64
SAT 2,12/4/2025,100000,100000,96742,96.74
SAT 4,12/4/2025,80000,80000,75670,94.59
SAT 5,12/4/2025,80000,80000,75856,94.82
SAT 3,12/4/2025,100000,100000,96643,96.64
SAT 6,12/4/2025,120000,120000,115660,96.38
SAT 5,12/5/2025,80000,80000,76812,96.02
SAT 3,12/5/2025,100000,100000,97135,97.14
SAT 6,12/5/2025,120000,120000,118774,98.98
SAT 1,12/12/2025,25000,25000,24103,96.41
SAT 2,12/12/2025,100000,100000,97098,97.1
SAT 1,8/2/2025,25000,25000,24273,97.09
SAT 2,8/2/2025,100000,100000,97645,97.65
SAT 4,8/2/2025,80000,80000,76565,95.71
SAT 5,8/2/2025,80000,80000,77173,96.47
SAT 3,8/2/2025,100000,100000,97438,97.44
SAT 3,8/6/2025,100000,100000,97538,97.54
SAT 1,8/7/2025,25000,25000,24278,97.11
SAT 2,8/7/2025,100000,100000,97696,97.7
SAT 4,8/7/2025,80000,80000,77069,96.34
SAT 5,8/7/2025,80000,80000,77584,96.98
SAT 3,8/7/2025,100000,100000,97628,97.63
SAT 1,8/8/2025,25000,25000,24280,97.12
SAT 2,8/8/2025,100000,100000,97620,97.62
SAT 4,8/8/2025,80000,80000,76857,96.07
SAT 5,8/8/2025,80000,80000,77347,96.68
SAT 3,8/8/2025,100000,100000,97482,97.48
SAT 1,8/9/2025,25000,25000,24272,97.09
SAT 2,8/9/2025,100000,100000,97670,97.67
SAT 4,8/9/2025,80000,80000,76827,96.03
SAT 5,8/9/2025,80000,80000,77201,96.5
SAT 3,8/9/2025,100000,100000,97542,97.54
SAT 1,8/10/2025,25000,25000,24266,97.06
SAT 2,8/10/2025,100000,100000,97701,97.7
SAT 4,8/10/2025,80000,80000,76894,96.12
SAT 5,8/10/2025,80000,80000,77477,96.85
SAT 3,8/10/2025,100000,100000,97632,97.63
SAT 1,8/11/2025,25000,25000,24314,97.26
SAT 2,8/11/2025,100000,100000,97347,97.35
SAT 4,8/11/2025,80000,80000,76395,95.49
SAT 5,8/11/2025,80000,80000,77219,96.52
SAT 3,8/11/2025,100000,100000,97207,97.21
SAT 1,8/12/2025,25000,25000,24344,97.38
SAT 2,8/12/2025,100000,100000,97629,97.63
SAT 4,8/12/2025,80000,80000,76968,96.21
SAT 5,8/12/2025,80000,80000,77602,97
SAT 3,8/12/2025,100000,100000,97662,97.66
SAT 1,8/13/2025,25000,25000,24342,97.37
SAT 2,8/13/2025,100000,100000,97518,97.52
SAT 4,8/13/2025,80000,80000,76902,96.13
SAT 5,8/13/2025,80000,80000,77375,96.72
SAT 3,8/13/2025,100000,100000,97413,97.41
SAT 1,8/14/2025,25000,25000,24346,97.38
SAT 2,8/14/2025,100000,100000,97515,97.52
SAT 4,8/14/2025,80000,80000,76928,96.16
SAT 5,8/14/2025,80000,80000,77363,96.7
SAT 3,8/14/2025,100000,100000,97436,97.44
SAT 1,8/15/2025,25000,25000,24313,97.25
SAT 2,8/15/2025,100000,100000,97602,97.6
SAT 4,8/15/2025,80000,80000,76982,96.23
SAT 5,8/15/2025,80000,80000,77194,96.49
SAT 3,8/15/2025,100000,100000,97422,97.42
SAT 1,8/16/2025,25000,25000,24314,97.26
SAT 2,8/16/2025,100000,100000,97647,97.65
SAT 4,8/16/2025,80000,80000,76962,96.2
SAT 5,8/16/2025,80000,80000,76911,96.14
SAT 3,8/16/2025,100000,100000,97453,97.45
SAT 1,8/17/2025,25000,25000,24320,97.28
SAT 2,8/17/2025,100000,100000,97640,97.64
SAT 4,8/17/2025,80000,80000,77103,96.38
SAT 5,8/17/2025,80000,80000,77091,96.36
SAT 3,8/17/2025,100000,100000,97563,97.56
SAT 1,8/18/2025,25000,25000,24298,97.19
SAT 2,8/18/2025,100000,100000,97559,97.56
SAT 4,8/18/2025,80000,80000,76804,96.01
SAT 5,8/18/2025,80000,80000,77125,96.41
SAT 3,8/18/2025,100000,100000,97293,97.29
SAT 1,8/19/2025,25000,25000,24317,97.27
SAT 2,8/19/2025,100000,100000,97655,97.66
SAT 4,8/19/2025,80000,80000,76926,96.16
SAT 1,8/20/2025,25000,25000,24297,97.19
SAT 2,8/20/2025,100000,100000,97563,97.56
SAT 4,8/20/2025,80000,80000,76766,95.96
SAT 5,8/20/2025,80000,80000,77088,96.36
SAT 3,8/20/2025,100000,100000,97381,97.38
SAT 1,8/22/2025,25000,25000,24300,97.2
SAT 2,8/22/2025,100000,100000,97549,97.55
SAT 4,8/22/2025,80000,80000,76517,95.65
SAT 5,8/22/2025,80000,80000,76811,96.01
SAT 3,8/22/2025,100000,100000,97343,97.34
SAT 1,8/23/2025,25000,25000,24296,97.18
SAT 2,8/23/2025,100000,100000,97508,97.51
SAT 4,8/23/2025,80000,80000,76416,95.52
SAT 5,8/23/2025,80000,80000,76547,95.68
SAT 3,8/23/2025,100000,100000,97225,97.23
SAT 1,8/24/2025,25000,25000,24290,97.16
SAT 2,8/24/2025,100000,100000,97460,97.46
SAT 4,8/24/2025,80000,80000,76285,95.36
SAT 5,8/24/2025,80000,80000,76332,95.42
SAT 3,8/24/2025,100000,100000,97169,97.17
SAT 1,8/25/2025,25000,25000,24289,97.16
SAT 2,8/25/2025,100000,100000,97493,97.49
SAT 4,8/25/2025,80000,80000,76482,95.6
SAT 5,8/25/2025,80000,80000,76532,95.67
SAT 3,8/25/2025,100000,100000,97247,97.25
SAT 1,8/26/2025,25000,25000,24284,97.14
SAT 2,8/26/2025,100000,100000,97546,97.55
SAT 4,8/26/2025,80000,80000,76479,95.6
SAT 5,8/26/2025,80000,80000,76671,95.84
SAT 3,8/26/2025,100000,100000,97320,97.32
SAT 1,8/27/2025,25000,25000,24275,97.1
SAT 2,8/27/2025,100000,100000,97536,97.54
SAT 4,8/27/2025,80000,80000,76535,95.67
SAT 5,8/27/2025,80000,80000,76701,95.88
SAT 3,8/27/2025,100000,100000,97227,97.23
SAT 1,8/28/2025,25000,25000,24270,97.08
SAT 2,8/28/2025,100000,100000,97584,97.58
SAT 4,8/28/2025,80000,80000,76517,95.65
SAT 5,8/28/2025,80000,80000,76789,95.99
SAT 3,8/28/2025,100000,100000,97285,97.29
SAT 1,8/29/2025,25000,25000,24273,97.09
SAT 2,8/29/2025,100000,100000,97609,97.61
SAT 4,8/29/2025,80000,80000,76646,95.81
SAT 5,8/29/2025,80000,80000,76783,95.98
SAT 3,8/29/2025,100000,100000,97179,97.18
SAT 1,8/30/2025,25000,25000,24283,97.13
SAT 2,8/30/2025,100000,100000,97534,97.53
SAT 4,8/30/2025,80000,80000,76605,95.76
SAT 5,8/30/2025,80000,80000,76842,96.05
SAT 3,8/30/2025,100000,100000,97154,97.15
SAT 1,8/31/2025,25000,25000,24268,97.07
SAT 2,8/31/2025,100000,100000,97452,97.45
SAT 4,8/31/2025,80000,80000,76486,95.61
SAT 5,8/31/2025,80000,80000,76781,95.98
SAT 3,8/31/2025,100000,100000,97122,97.12
SAT 4,6/27/2025,80000,80000,76877,96.1
SAT 5,6/27/2025,80000,80000,78199,97.75
SAT 3,6/27/2025,100000,100000,98010,98.01
SAT 1,6/28/2025,25000,25000,24413,97.65
SAT 2,6/28/2025,100000,100000,98147,98.15
SAT 4,6/28/2025,80000,80000,76816,96.02
SAT 5,6/28/2025,80000,80000,78155,97.69
SAT 3,6/28/2025,100000,100000,98003,98
SAT 1,6/29/2025,25000,25000,24414,97.66
SAT 2,6/29/2025,100000,100000,98112,98.11
SAT 4,6/29/2025,80000,80000,76716,95.9
SAT 5,6/29/2025,80000,80000,78062,97.58
SAT 3,6/29/2025,100000,100000,98042,98.04
SAT 1,6/30/2025,25000,25000,24410,97.64
SAT 2,6/30/2025,100000,100000,98115,98.12
SAT 4,6/30/2025,80000,80000,77024,96.28
SAT 5,6/30/2025,80000,80000,78223,97.78
SAT 3,6/30/2025,100000,100000,97983,97.98
SAT 4,12/12/2025,80000,80000,77235,96.54
SAT 5,12/12/2025,80000,80000,76968,96.21
SAT 3,12/12/2025,100000,100000,97119,97.12
SAT 6,12/12/2025,120000,120000,118657,98.88
SAT 2,1/25/2026,100000,100000,96435,96.44
SAT 4,1/25/2026,80000,80000,76669,95.84
SAT 7,1/25/2026,100000,100000,89164,89.16
SAT 5,1/25/2026,80000,80000,76223,95.28
SAT 3,1/25/2026,100000,100000,96653,96.65
SAT 6,1/25/2026,120000,120000,116739,97.28
SAT 1,1/13/2026,25000,25000,23908,95.63
SAT 2,1/11/2026,100000,100000,96040,96.04
SAT 4,1/11/2026,80000,80000,76201,95.25
SAT 7,1/11/2026,100000,100000,96702,96.7
SAT 5,1/11/2026,80000,80000,76122,95.15
SAT 3,1/11/2026,100000,100000,96115,96.12
SAT 2,12/31/2025,100000,100000,96866,96.87
SAT 4,12/31/2025,80000,80000,77069,96.34
SAT 7,12/31/2025,100000,100000,97805,97.81
SAT 5,12/31/2025,80000,80000,76612,95.77
SAT 3,12/31/2025,100000,100000,96902,96.9
SAT 6,12/31/2025,120000,120000,118105,98.42
SAT 6,1/11/2026,120000,120000,116744,97.29
SAT 1,1/10/2026,25000,25000,23937,95.75
SAT 2,1/10/2026,100000,100000,96297,96.3
SAT 4,1/10/2026,80000,80000,76342,95.43
SAT 7,1/10/2026,100000,100000,96573,96.57
SAT 5,1/10/2026,80000,80000,76142,95.18
SAT 3,1/10/2026,100000,100000,96318,96.32
SAT 6,1/10/2026,120000,120000,116803,97.34
SAT 1,1/9/2026,25000,25000,23939,95.76
SAT 2,1/9/2026,100000,100000,96300,96.3
SAT 4,1/9/2026,80000,80000,76361,95.45
SAT 7,1/9/2026,100000,100000,96970,96.97
SAT 5,1/9/2026,80000,80000,76220,95.28
SAT 6,1/7/2026,120000,120000,117369,97.81
SAT 2,1/6/2026,100000,100000,96684,96.68
SAT 1,2/7/2026,25000,25000,23968,95.87
SAT 1,2/6/2026,25000,25000,22316,89.26
SAT 4,1/6/2026,80000,80000,76805,96.01
SAT 7,1/6/2026,100000,100000,97526,97.53
SAT 5,1/6/2026,80000,80000,76666,95.83
SAT 3,1/6/2026,100000,100000,96701,96.7
SAT 2,2/6/2026,100000,100000,96257,96.26
SAT 4,2/6/2026,80000,80000,74706,93.38
SAT 7,2/6/2026,100000,100000,94645,94.65
SAT 1,2/5/2026,25000,25000,23975,95.9
SAT 2,2/5/2026,100000,100000,96725,96.73
SAT 4,2/5/2026,80000,80000,76864,96.08
SAT 7,2/5/2026,100000,100000,96987,96.99
SAT 5,2/5/2026,80000,80000,76512,95.64
SAT 3,2/5/2026,100000,100000,96826,96.83
SAT 6,2/5/2026,120000,120000,116585,97.15
SAT 1,2/1/2026,25000,25000,23548,94.19
SAT 2,2/1/2026,100000,100000,96439,96.44
SAT 1,1/24/2026,25000,25000,23911,95.64
SAT 2,1/24/2026,100000,100000,96278,96.28
SAT 4,1/24/2026,80000,80000,76413,95.52
SAT 7,1/24/2026,100000,100000,89108,89.11
SAT 5,1/24/2026,80000,80000,76195,95.24
SAT 3,1/24/2026,100000,100000,96620,96.62
SAT 6,1/24/2026,120000,120000,116815,97.35
SAT 2,1/23/2026,100000,100000,96822,96.82
SAT 4,1/23/2026,80000,80000,77096,96.37
SAT 7,1/23/2026,100000,100000,89866,89.87
SAT 5,1/23/2026,80000,80000,76668,95.84
SAT 3,1/23/2026,100000,100000,96918,96.92
SAT 1,2/11/2026,25000,25000,23973,95.89
SAT 2,2/11/2026,100000,100000,96668,96.67
SAT 4,2/11/2026,80000,80000,76789,95.99
SAT 7,2/11/2026,100000,100000,96567,96.57
SAT 5,2/11/2026,80000,80000,76347,95.43
SAT 3,2/11/2026,100000,100000,96774,96.77
SAT 6,2/11/2026,120000,120000,116927,97.44
SAT 6,1/23/2026,120000,120000,117560,97.97
SAT 1,1/21/2026,25000,25000,23979,95.92
SAT 2,1/21/2026,100000,100000,95985,95.99
SAT 4,1/21/2026,80000,80000,74413,93.02
SAT 7,1/21/2026,100000,100000,90410,90.41
SAT 5,1/21/2026,80000,80000,74120,92.65
SAT 3,1/21/2026,100000,100000,94560,94.56
SAT 6,1/21/2026,120000,120000,115331,96.11
SAT 4,1/17/2026,80000,80000,76314,95.39
SAT 7,1/17/2026,100000,100000,90785,90.79
SAT 5,1/17/2026,80000,80000,75897,94.87
SAT 1,1/16/2026,25000,25000,23885,95.54
SAT 2,1/16/2026,100000,100000,96006,96.01
SAT 4,1/16/2026,80000,80000,76341,95.43
SAT 7,1/16/2026,100000,100000,92627,92.63
SAT 2,2/8/2026,100000,100000,96663,96.66
SAT 4,2/8/2026,80000,80000,76392,95.49
SAT 7,2/8/2026,100000,100000,95299,95.3
SAT 5,2/8/2026,80000,80000,75730,94.66
SAT 3,2/8/2026,100000,100000,96853,96.85
SAT 6,2/8/2026,120000,120000,115073,95.89
SAT 2,2/7/2026,100000,100000,96653,96.65
SAT 4,2/7/2026,80000,80000,76942,96.18
SAT 7,2/7/2026,100000,100000,97006,97.01
SAT 5,2/7/2026,80000,80000,76517,95.65
SAT 5,2/6/2026,80000,80000,75148,93.94
SAT 3,2/6/2026,100000,100000,96125,96.13
SAT 7,2/3/2026,100000,100000,96998,97
SAT 5,2/3/2026,80000,80000,76389,95.49
SAT 3,2/3/2026,100000,100000,96895,96.9
SAT 6,2/3/2026,120000,120000,117308,97.76
SAT 1,1/23/2026,25000,25000,24100,96.4
SAT 1,1/22/2026,25000,25000,24107,96.43
SAT 2,1/22/2026,100000,100000,96833,96.83
SAT 4,1/22/2026,80000,80000,76549,95.69
SAT 7,1/22/2026,100000,100000,89835,89.84
SAT 5,1/22/2026,80000,80000,76424,95.53
SAT 3,1/22/2026,100000,100000,96902,96.9
SAT 6,1/22/2026,120000,120000,117305,97.75
SAT 1,1/20/2026,25000,25000,23851,95.4
SAT 2,1/20/2026,100000,100000,94873,94.87
SAT 4,1/20/2026,80000,80000,71932,89.92
SAT 7,1/20/2026,100000,100000,89449,89.45
SAT 5,1/20/2026,80000,80000,72187,90.23
SAT 3,1/20/2026,100000,100000,91612,91.61
SAT 6,1/20/2026,120000,120000,113316,94.43
SAT 1,1/19/2026,25000,25000,23366,93.46
SAT 2,1/19/2026,100000,100000,92117,92.12
SAT 4,1/19/2026,80000,80000,71518,89.4
SAT 7,1/19/2026,100000,100000,86097,86.1
SAT 5,1/19/2026,80000,80000,71126,88.91
SAT 3,1/19/2026,100000,100000,91336,91.34
SAT 6,1/19/2026,120000,120000,108893,90.74
SAT 1,1/18/2026,25000,25000,23870,95.48
SAT 2,1/18/2026,100000,100000,95870,95.87
SAT 4,1/18/2026,80000,80000,76276,95.35
SAT 7,1/18/2026,100000,100000,90838,90.84
SAT 5,1/18/2026,80000,80000,75807,94.76
SAT 3,1/18/2026,100000,100000,95974,95.97
SAT 6,1/18/2026,120000,120000,116399,97
SAT 3,1/17/2026,100000,100000,95991,95.99
SAT 6,1/17/2026,120000,120000,116368,96.97
SAT 5,1/16/2026,80000,80000,76045,95.06
SAT 3,1/16/2026,100000,100000,96033,96.03
SAT 6,1/16/2026,120000,120000,116591,97.16
SAT 1,1/14/2026,25000,25000,23899,95.6
SAT 2,1/14/2026,100000,100000,96090,96.09
SAT 4,1/14/2026,80000,80000,76373,95.47
SAT 3,1/3/2026,100000,100000,97043,97.04
SAT 6,1/3/2026,120000,120000,117916,98.26
SAT 1,3/9/2026,25000,25000,24021,96.08
SAT 2,3/9/2026,100000,100000,96598,96.6
SAT 4,3/9/2026,80000,80000,76576,95.72
SAT 7,3/9/2026,100000,100000,95707,95.71
SAT 3,3/9/2026,100000,100000,96643,96.64
SAT 6,3/9/2026,120000,120000,116319,96.93
SAT 5,3/3/2026,80000,80000,75819,94.77
SAT 6,3/3/2026,120000,120000,114726,95.61
SAT 1,3/2/2026,25000,25000,23673,94.69
SAT 2,3/2/2026,100000,100000,96334,96.33
SAT 4,3/2/2026,80000,80000,75988,94.99
SAT 7,3/2/2026,100000,100000,95622,95.62
SAT 5,3/2/2026,80000,80000,75963,94.95
SAT 3,3/2/2026,100000,100000,96262,96.26
SAT 1,3/15/2026,25000,25000,24018,96.07
SAT 2,3/15/2026,100000,100000,96428,96.43
SAT 3,3/3/2026,100000,100000,96467,96.47
SAT 6,3/2/2026,120000,120000,115371,96.14
SAT 1,3/1/2026,25000,25000,23264,93.06
SAT 4,3/15/2026,80000,80000,76511,95.64
SAT 7,3/15/2026,100000,100000,94871,94.87
SAT 5,3/15/2026,80000,80000,75814,94.77
SAT 3,3/15/2026,100000,100000,96651,96.65
SAT 1,3/14/2026,25000,25000,24017,96.07
SAT 2,3/14/2026,100000,100000,96405,96.41
SAT 4,3/14/2026,80000,80000,76511,95.64
SAT 2,3/1/2026,100000,100000,95953,95.95
SAT 4,3/1/2026,80000,80000,74707,93.38
SAT 7,3/1/2026,100000,100000,94010,94.01
SAT 5,3/1/2026,80000,80000,75273,94.09
SAT 3,3/1/2026,100000,100000,95766,95.77
SAT 6,3/1/2026,120000,120000,112111,93.43
SAT 7,3/14/2026,100000,100000,95577,95.58
SAT 5,3/14/2026,80000,80000,75980,94.98
SAT 3,3/14/2026,100000,100000,96578,96.58
SAT 6,3/11/2026,120000,120000,115947,96.62
SAT 1,1/29/2026,25000,25000,23666,94.66
SAT 2,1/29/2026,100000,100000,96584,96.58
SAT 4,1/29/2026,80000,80000,76265,95.33
SAT 7,1/29/2026,100000,100000,89232,89.23
SAT 5,1/29/2026,80000,80000,75994,94.99
SAT 3,1/29/2026,100000,100000,96614,96.61
SAT 6,1/29/2026,120000,120000,116064,96.72
SAT 1,1/28/2026,25000,25000,24077,96.31
SAT 2,1/28/2026,100000,100000,96750,96.75
SAT 4,1/28/2026,80000,80000,76912,96.14
SAT 7,1/28/2026,100000,100000,89792,89.79
SAT 5,1/28/2026,80000,80000,76340,95.43
SAT 3,1/28/2026,100000,100000,96848,96.85
SAT 6,1/28/2026,120000,120000,117459,97.88
SAT 1,1/27/2026,25000,25000,24050,96.2
SAT 2,1/27/2026,100000,100000,96770,96.77
SAT 4,1/27/2026,80000,80000,76925,96.16
SAT 7,1/27/2026,100000,100000,89750,89.75
SAT 5,1/27/2026,80000,80000,76497,95.62
SAT 3,1/27/2026,100000,100000,96826,96.83
SAT 6,1/27/2026,120000,120000,117227,97.69
SAT 1,1/26/2026,25000,25000,24073,96.29
SAT 2,1/26/2026,100000,100000,96788,96.79
SAT 4,1/26/2026,80000,80000,77002,96.25
SAT 1,2/28/2026,25000,25000,23901,95.6
SAT 2,2/28/2026,100000,100000,96505,96.51
SAT 4,2/28/2026,80000,80000,76595,95.74
SAT 7,2/28/2026,100000,100000,95976,95.98
SAT 5,2/28/2026,80000,80000,76381,95.48
SAT 3,2/28/2026,100000,100000,96596,96.6
SAT 6,2/28/2026,120000,120000,116202,96.84
SAT 1,2/27/2026,25000,25000,24028,96.11
SAT 2,2/27/2026,100000,100000,96521,96.52
SAT 4,2/27/2026,80000,80000,76592,95.74
SAT 7,2/27/2026,100000,100000,95364,95.36
SAT 5,2/27/2026,80000,80000,76284,95.36
SAT 3,2/27/2026,100000,100000,96471,96.47
SAT 6,2/27/2026,120000,120000,116205,96.84
SAT 1,2/26/2026,25000,25000,24048,96.19
SAT 2,2/26/2026,100000,100000,96521,96.52
SAT 4,2/26/2026,80000,80000,76473,95.59
SAT 7,2/26/2026,100000,100000,96035,96.04
SAT 5,2/26/2026,80000,80000,76142,95.18
SAT 3,2/26/2026,100000,100000,96509,96.51
SAT 6,2/26/2026,120000,120000,116622,97.19
SAT 1,2/25/2026,25000,25000,24053,96.21
SAT 2,2/25/2026,100000,100000,96523,96.52
SAT 4,2/25/2026,80000,80000,76388,95.49
SAT 7,2/25/2026,100000,100000,95345,95.35
SAT 5,2/25/2026,80000,80000,76202,95.25
SAT 3,2/25/2026,100000,100000,96511,96.51
SAT 6,2/25/2026,120000,120000,116419,97.02
SAT 1,2/24/2026,25000,25000,24056,96.22
SAT 2,2/24/2026,100000,100000,96653,96.65
SAT 4,2/24/2026,80000,80000,76688,95.86
SAT 7,2/24/2026,100000,100000,96132,96.13
SAT 5,2/24/2026,80000,80000,76331,95.41
SAT 3,2/24/2026,100000,100000,96690,96.69
SAT 6,2/24/2026,120000,120000,116770,97.31
SAT 1,2/23/2026,25000,25000,24013,96.05
SAT 2,2/23/2026,100000,100000,96580,96.58
SAT 4,2/23/2026,80000,80000,76589,95.74
SAT 7,2/23/2026,100000,100000,96166,96.17
SAT 5,2/23/2026,80000,80000,76105,95.13
SAT 3,2/23/2026,100000,100000,96678,96.68
SAT 6,2/23/2026,120000,120000,116569,97.14
SAT 7,1/15/2026,100000,100000,95044,95.04
SAT 5,1/15/2026,80000,80000,76093,95.12
SAT 3,1/15/2026,100000,100000,96078,96.08
SAT 6,1/15/2026,120000,120000,116733,97.28
SAT 3,1/2/2026,100000,100000,96750,96.75
SAT 6,1/2/2026,120000,120000,116505,97.09
SAT 3,1/1/2026,100000,100000,97013,97.01
SAT 1,2/21/2026,25000,25000,24052,96.21
SAT 2,2/21/2026,100000,100000,96667,96.67
SAT 4,2/21/2026,80000,80000,76804,96.01
SAT 7,2/21/2026,100000,100000,96270,96.27
SAT 5,2/21/2026,80000,80000,76464,95.58
SAT 3,2/21/2026,100000,100000,96770,96.77
SAT 6,2/21/2026,120000,120000,116793,97.33
SAT 6,1/1/2026,120000,120000,118042,98.37
SAT 1,2/22/2026,25000,25000,24045,96.18
SAT 2,2/22/2026,100000,100000,96584,96.58
SAT 4,2/22/2026,80000,80000,76851,96.06
SAT 7,2/22/2026,100000,100000,96450,96.45
SAT 5,2/22/2026,80000,80000,76513,95.64
SAT 3,2/22/2026,100000,100000,96753,96.75
SAT 6,2/22/2026,120000,120000,116889,97.41
SAT 1,2/20/2026,25000,25000,24044,96.18
SAT 2,2/20/2026,100000,100000,96348,96.35
SAT 4,2/20/2026,80000,80000,76830,96.04
SAT 7,2/20/2026,100000,100000,96438,96.44
SAT 5,2/20/2026,80000,80000,76425,95.53
SAT 3,2/20/2026,100000,100000,96633,96.63
SAT 6,2/20/2026,120000,120000,116840,97.37
SAT 1,2/19/2026,25000,25000,24045,96.18
SAT 2,2/19/2026,100000,100000,96564,96.56
SAT 4,2/19/2026,80000,80000,76835,96.04
SAT 7,2/19/2026,100000,100000,96611,96.61
SAT 5,2/19/2026,80000,80000,76478,95.6
SAT 3,2/19/2026,100000,100000,96716,96.72
SAT 6,2/19/2026,120000,120000,116959,97.47
SAT 1,2/18/2026,25000,25000,24043,96.17
SAT 2,2/18/2026,100000,100000,96683,96.68
SAT 4,2/18/2026,80000,80000,76811,96.01
SAT 7,2/18/2026,100000,100000,96384,96.38
SAT 5,2/18/2026,80000,80000,76445,95.56
SAT 3,2/18/2026,100000,100000,96719,96.72
SAT 6,2/18/2026,120000,120000,116842,97.37
SAT 1,2/17/2026,25000,25000,24052,96.21
SAT 2,2/17/2026,100000,100000,96694,96.69
SAT 4,2/17/2026,80000,80000,76936,96.17
SAT 7,2/17/2026,100000,100000,96809,96.81
SAT 5,2/17/2026,80000,80000,76478,95.6
SAT 3,2/17/2026,100000,100000,96823,96.82
SAT 6,2/17/2026,120000,120000,117104,97.59
SAT 7,2/16/2026,100000,100000,96700,96.7
SAT 5,2/16/2026,80000,80000,76617,95.77
SAT 3,2/16/2026,100000,100000,96805,96.81
SAT 6,2/16/2026,120000,120000,117087,97.57
SAT 1,2/15/2026,25000,25000,24054,96.22
SAT 2,2/15/2026,100000,100000,96689,96.69
SAT 4,2/15/2026,80000,80000,76801,96
SAT 7,2/15/2026,100000,100000,96393,96.39
SAT 5,2/15/2026,80000,80000,76586,95.73
SAT 3,2/15/2026,100000,100000,96865,96.87
SAT 6,2/15/2026,120000,120000,116982,97.49
SAT 1,2/14/2026,25000,25000,24057,96.23
SAT 2,2/14/2026,100000,100000,96657,96.66
SAT 4,2/14/2026,80000,80000,76912,96.14
SAT 7,2/14/2026,100000,100000,96552,96.55
SAT 5,2/14/2026,80000,80000,76658,95.82
SAT 3,2/14/2026,100000,100000,96859,96.86
SAT 6,2/14/2026,120000,120000,117056,97.55
SAT 1,2/13/2026,25000,25000,24059,96.24
SAT 2,2/13/2026,100000,100000,96720,96.72
SAT 4,2/13/2026,80000,80000,76910,96.14
SAT 7,2/13/2026,100000,100000,96820,96.82
SAT 5,2/13/2026,80000,80000,76645,95.81
SAT 3,2/13/2026,100000,100000,96869,96.87
SAT 1,2/12/2026,25000,25000,24057,96.23
SAT 2,2/12/2026,100000,100000,96603,96.6
SAT 4,2/12/2026,80000,80000,76733,95.92
SAT 7,2/12/2026,100000,100000,96744,96.74
SAT 5,2/12/2026,80000,80000,76505,95.63
SAT 3,2/12/2026,100000,100000,96662,96.66
SAT 6,2/12/2026,120000,120000,117107,97.59
SAT 2,2/10/2026,100000,100000,96593,96.59
SAT 4,2/10/2026,80000,80000,76484,95.61
SAT 7,2/10/2026,100000,100000,96683,96.68
SAT 5,2/10/2026,80000,80000,76183,95.23
SAT 3,2/10/2026,100000,100000,96855,96.86
SAT 6,2/10/2026,120000,120000,116453,97.04
SAT 1,2/9/2026,25000,25000,23898,95.59
SAT 2,2/9/2026,100000,100000,96630,96.63
SAT 4,2/9/2026,80000,80000,76847,96.06
SAT 7,2/9/2026,100000,100000,96397,96.4
SAT 5,2/9/2026,80000,80000,76348,95.44
SAT 3,2/9/2026,100000,100000,96757,96.76
SAT 6,2/9/2026,120000,120000,116419,97.02
SAT 1,2/8/2026,25000,25000,23923,95.69
SAT 3,2/7/2026,100000,100000,96827,96.83
SAT 6,2/7/2026,120000,120000,117020,97.52
SAT 6,2/6/2026,120000,120000,111501,92.92
SAT 1,2/4/2026,25000,25000,24065,96.26
SAT 2,2/4/2026,100000,100000,96751,96.75
SAT 4,2/4/2026,80000,80000,76858,96.07
SAT 7,2/4/2026,100000,100000,96777,96.78
SAT 5,2/4/2026,80000,80000,76344,95.43
SAT 3,2/4/2026,100000,100000,96876,96.88
SAT 6,2/4/2026,120000,120000,117119,97.6
SAT 1,2/3/2026,25000,25000,24075,96.3
SAT 2,2/3/2026,100000,100000,96735,96.74
SAT 4,2/3/2026,80000,80000,76849,96.06
SAT 1,2/2/2026,25000,25000,24066,96.26
SAT 2,2/2/2026,100000,100000,96739,96.74
SAT 4,2/2/2026,80000,80000,76788,95.99
SAT 7,2/2/2026,100000,100000,96016,96.02
SAT 5,2/2/2026,80000,80000,76128,95.16
SAT 3,2/2/2026,100000,100000,96842,96.84
SAT 6,2/2/2026,120000,120000,116733,97.28
SAT 4,2/1/2026,80000,80000,76004,95.01
SAT 7,2/1/2026,100000,100000,96545,96.55
SAT 5,2/1/2026,80000,80000,75880,94.85
SAT 3,2/1/2026,100000,100000,96390,96.39
SAT 6,2/1/2026,120000,120000,114815,95.68
SAT 7,1/14/2026,100000,100000,96253,96.25
SAT 5,1/14/2026,80000,80000,76109,95.14
SAT 3,1/14/2026,100000,100000,96089,96.09
SAT 6,1/14/2026,120000,120000,116649,97.21
SAT 2,1/13/2026,100000,100000,96177,96.18
SAT 4,1/13/2026,80000,80000,76333,95.42
SAT 5,1/13/2026,80000,80000,76240,95.3
SAT 3,1/13/2026,100000,100000,96163,96.16
SAT 6,1/13/2026,120000,120000,116797,97.33
SAT 1,1/12/2026,25000,25000,23923,95.69
SAT 2,1/12/2026,100000,100000,96187,96.19
SAT 4,1/12/2026,80000,80000,76330,95.41
SAT 7,1/12/2026,100000,100000,96746,96.75
SAT 5,1/12/2026,80000,80000,76147,95.18
SAT 3,1/12/2026,100000,100000,96235,96.24
SAT 6,1/12/2026,120000,120000,116779,97.32
SAT 3,1/9/2026,100000,100000,96356,96.36
SAT 6,1/9/2026,120000,120000,117012,97.51
SAT 1,1/8/2026,25000,25000,23962,95.85
SAT 2,1/8/2026,100000,100000,96436,96.44
SAT 4,1/8/2026,80000,80000,76708,95.89
SAT 7,1/8/2026,100000,100000,97230,97.23
SAT 5,1/8/2026,80000,80000,76505,95.63
SAT 3,1/8/2026,100000,100000,96389,96.39
SAT 6,1/8/2026,120000,120000,117340,97.78
SAT 1,1/7/2026,25000,25000,23993,95.97
SAT 2,1/7/2026,100000,100000,96588,96.59
SAT 4,1/7/2026,80000,80000,76785,95.98
SAT 7,1/7/2026,100000,100000,97136,97.14
SAT 5,1/7/2026,80000,80000,76540,95.68
SAT 3,1/7/2026,100000,100000,96544,96.54
SAT 7,3/8/2026,100000,100000,95263,95.26
SAT 6,3/8/2026,120000,120000,115942,96.62
SAT 1,3/7/2026,25000,25000,24032,96.13
SAT 2,3/7/2026,100000,100000,96529,96.53
SAT 4,3/7/2026,80000,80000,76624,95.78
SAT 7,3/7/2026,100000,100000,95830,95.83
SAT 5,3/7/2026,80000,80000,76306,95.38
SAT 3,3/7/2026,100000,100000,96581,96.58
SAT 6,3/7/2026,120000,120000,116495,97.08
SAT 1,3/6/2026,25000,25000,24036,96.14
SAT 2,3/6/2026,100000,100000,96578,96.58
SAT 4,3/6/2026,80000,80000,76564,95.71
SAT 7,3/6/2026,100000,100000,95397,95.4
SAT 5,3/6/2026,80000,80000,76402,95.5
SAT 3,3/6/2026,100000,100000,96522,96.52
SAT 6,3/6/2026,120000,120000,116295,96.91
SAT 1,3/5/2026,25000,25000,24039,96.16
SAT 2,3/5/2026,100000,100000,96569,96.57
SAT 4,3/5/2026,80000,80000,76659,95.82
SAT 7,3/5/2026,100000,100000,95914,95.91
SAT 5,3/5/2026,80000,80000,76540,95.68
SAT 3,3/5/2026,100000,100000,96646,96.65
SAT 6,3/5/2026,120000,120000,116612,97.18
SAT 1,3/4/2026,25000,25000,23940,95.76
SAT 2,3/4/2026,100000,100000,96448,96.45
SAT 4,3/4/2026,80000,80000,76413,95.52
SAT 7,3/4/2026,100000,100000,95371,95.37
SAT 5,3/4/2026,80000,80000,76186,95.23
SAT 3,3/4/2026,100000,100000,96427,96.43
SAT 6,3/4/2026,120000,120000,115846,96.54
SAT 1,3/3/2026,25000,25000,23736,94.94
SAT 2,3/3/2026,100000,100000,96427,96.43
SAT 4,3/3/2026,80000,80000,76045,95.06
SAT 7,3/3/2026,100000,100000,94267,94.27
SAT 1,3/8/2026,25000,25000,23994,95.98
SAT 2,3/8/2026,100000,100000,96557,96.56
SAT 4,3/8/2026,80000,80000,76446,95.56
SAT 6,3/12/2026,120000,120000,116174,96.81
SAT 6,3/10/2026,120000,120000,116041,96.7
SAT 1,3/19/2026,25000,25000,24006,96.02
SAT 2,3/19/2026,100000,100000,96399,96.4
SAT 4,3/19/2026,80000,80000,76455,95.57
SAT 7,3/19/2026,100000,100000,95303,95.3
SAT 5,3/19/2026,80000,80000,76245,95.31
SAT 3,3/19/2026,100000,100000,96464,96.46
SAT 8,3/19/2026,170000,170000,164761,96.92
SAT 6,3/19/2026,120000,120000,115984,96.65
SAT 1,3/18/2026,25000,25000,24016,96.06
SAT 2,3/18/2026,100000,100000,96163,96.16
SAT 4,3/18/2026,80000,80000,76374,95.47
SAT 7,3/18/2026,100000,100000,94525,94.53
SAT 5,3/18/2026,80000,80000,75976,94.97
SAT 3,3/18/2026,100000,100000,96288,96.29
SAT 3,3/17/2026,100000,100000,96606,96.61
SAT 8,3/17/2026,170000,170000,164103,96.53
SAT 6,3/17/2026,120000,120000,115872,96.56
SAT 1,3/16/2026,25000,25000,24016,96.06
SAT 2,3/16/2026,100000,100000,96482,96.48
SAT 4,3/16/2026,80000,80000,76600,95.75
SAT 7,3/16/2026,100000,100000,95338,95.34
SAT 5,3/16/2026,80000,80000,76253,95.32
SAT 8,3/9/2026,170000,170000,165026,97.07
SAT 8,3/8/2026,170000,170000,163401,96.12
SAT 8,3/7/2026,170000,170000,165445,97.32
SAT 8,3/6/2026,170000,170000,164665,96.86
SAT 8,3/5/2026,170000,170000,165747,97.5
SAT 8,3/4/2026,170000,170000,164852,96.97
SAT 8,3/3/2026,170000,170000,162757,95.74
SAT 8,3/2/2026,170000,170000,164787,96.93
SAT 8,3/1/2026,170000,170000,159418,93.78
SAT 8,3/18/2026,170000,170000,161740,95.14
SAT 6,3/18/2026,120000,120000,115466,96.22
SAT 1,3/17/2026,25000,25000,24023,96.09
SAT 2,3/17/2026,100000,100000,96400,96.4
SAT 4,3/17/2026,80000,80000,76519,95.65
SAT 7,3/17/2026,100000,100000,95276,95.28
SAT 5,3/17/2026,80000,80000,76145,95.18
SAT 3,3/16/2026,100000,100000,96639,96.64
SAT 8,3/16/2026,170000,170000,164747,96.91
SAT 6,3/16/2026,120000,120000,116023,96.69
SAT 1,3/13/2026,25000,25000,24016,96.06
SAT 2,3/13/2026,100000,100000,96483,96.48
SAT 4,3/13/2026,80000,80000,76632,95.79
SAT 7,3/13/2026,100000,100000,94909,94.91
SAT 5,3/13/2026,80000,80000,76276,95.35
SAT 3,3/13/2026,100000,100000,96616,96.62
SAT 8,3/13/2026,170000,170000,163168,95.98
SAT 6,3/13/2026,120000,120000,115807,96.51
SAT 4,3/12/2026,80000,80000,76598,95.75
SAT 7,3/12/2026,100000,100000,95630,95.63
SAT 5,3/12/2026,80000,80000,76314,95.39
SAT 1,3/20/2026,25000,25000,24010,96.04
SAT 2,3/20/2026,100000,100000,96446,96.45
SAT 4,3/20/2026,80000,80000,76410,95.51
SAT 7,3/20/2026,100000,100000,94869,94.87
SAT 5,3/20/2026,80000,80000,76105,95.13
SAT 3,3/20/2026,100000,100000,96551,96.55
SAT 8,3/20/2026,170000,170000,162851,95.79
SAT 6,3/20/2026,120000,120000,115833,96.53
SAT 8,3/15/2026,170000,170000,163041,95.91
SAT 6,3/15/2026,120000,120000,115706,96.42
SAT 8,3/14/2026,170000,170000,164774,96.93
SAT 6,3/14/2026,120000,120000,116114,96.76
SAT 3,3/12/2026,100000,100000,96602,96.6
SAT 8,3/12/2026,170000,170000,164745,96.91
SAT 8,3/11/2026,170000,170000,162890,95.82
SAT 7,3/10/2026,100000,100000,95234,95.23
SAT 5,3/10/2026,80000,80000,76186,95.23
SAT 3,3/10/2026,100000,100000,96622,96.62
SAT 8,3/10/2026,170000,170000,163556,96.21
